contamination_level,day_after_contamination,Genus,relative_abundance
k0,d180,2-01-FULL-59-12,0.0017004148051559663
k0,d180,2-01-FULL-63-20,0.0
k0,d180,2-12-FULL-35-15,0.0
k0,d180,2011-GWC2-44-17,0.0
k0,d180,2013-40CM-41-45,0.0
k0,d180,40CM-4-65-16,0.00033598004877478764
k0,d180,40CM-4-68-19,0.0
k0,d180,AC-14,0.000256330075507284
k0,d180,AC-51,0.00031100785093648623
k0,d180,AC-64,0.0002891683693839686
k0,d180,AG11,0.020969347772291286
k0,d180,AG41,0.0
k0,d180,AV80,0.00014973858670742592
k0,d180,AWTP1-13,0.0
k0,d180,Abditibacterium,0.0
k0,d180,Acerihabitans,0.0
k0,d180,Achromobacter,0.0
k0,d180,Acidicapsa,0.00014569183666516815
k0,d180,Acidiferrimicrobium,0.0006273518970648261
k0,d180,Acidisarcina,4.183400267737617e-05
k0,d180,Acidisoma,0.0
k0,d180,Acidobacterium_A_417822,0.00011046151354011711
k0,d180,Acidocella,0.0
k0,d180,Acidoferrum,0.1088599404272182
k0,d180,Acidothermus,0.0003627566640454412
k0,d180,Actinoallomurus,0.002191972783072492
k0,d180,Actinocrinis,0.0005302643321825313
k0,d180,Actinomarinicola,0.0
k0,d180,Actinoplanes,6.899278650703628e-05
k0,d180,Actinospica_394695,0.0007115855534464683
k0,d180,Actinospica_394702,0.00028421434275112146
k0,d180,Adhaeribacter,0.0
k0,d180,Aetherobacter,0.0
k0,d180,Afipia,0.0
k0,d180,Aliidongia,0.0004438559148498284
k0,d180,Aliterella,0.0
k0,d180,Alteraurantiacibacter,0.0
k0,d180,Amycolatopsis_D_380830,0.0
k0,d180,Anammoximicrobium,0.0
k0,d180,Aquicella_A,0.0001383508486583679
k0,d180,Aquihabitans,4.183400267737617e-05
k0,d180,Aquisphaera,0.0033065094860711265
k0,d180,Arenimicrobium,6.862751086274094e-05
k0,d180,Arenimonas_613591,0.00319254998060093
k0,d180,Armatimonas,0.0001794543000471534
k0,d180,Asanoa,0.0005427529650388887
k0,d180,Aurantisolimonas,0.0
k0,d180,Babela,0.0
k0,d180,Bacillus_A,8.366800535475234e-05
k0,d180,Bacillus_BD,0.00026110230896371907
k0,d180,Baekduia,0.0004994578597843311
k0,d180,Bauldia,0.0008860790696948901
k0,d180,Berkiella_A,0.00016587490813232335
k0,d180,Binatus,0.005281784406699112
k0,d180,Bog-1198,0.00560449797116776
k0,d180,Bog-209,0.033673440337616496
k0,d180,Bog-257,0.009618670617909492
k0,d180,Bog-515,0.0008290278472235037
k0,d180,Bog-532,0.007696260608821
k0,d180,Bog-756,0.0003900921731771001
k0,d180,Bradyrhizobium,0.021368916190419942
k0,d180,Brevundimonas,0.0005334038056341997
k0,d180,C7867-002,0.0
k0,d180,CACGMS01,8.184162713327567e-05
k0,d180,CADDYX01,4.146872703308084e-05
k0,d180,CADDZI01,0.0017613309844931983
k0,d180,CF-113,0.0007614843382533509
k0,d180,CF-13,6.0916179337231965e-05
k0,d180,CF-154,0.0017829650227887083
k0,d180,CF-39,0.0
k0,d180,CSBr16-57R1,0.0
k0,d180,Caballeronia,0.000932320030184406
k0,d180,Capsulimonas,0.0008392792153443688
k0,d180,Casp-actino8,0.0004970776555762625
k0,d180,Catellatospora,0.0013203685568427236
k0,d180,Catenulispora,0.0012226129444562696
k0,d180,Caulobacter_487784,0.0
k0,d180,Chloroflexus,0.0014778184750756584
k0,d180,Chondromyces,4.0738175744490164e-05
k0,d180,Chryseolinea,0.0
k0,d180,Chthonomonas,0.0004082721411207798
k0,d180,Clostridium_AD,9.889705018906033e-05
k0,d180,Clostridium_AM,0.0
k0,d180,Collimonas,3.0458089668615983e-05
k0,d180,Conexibacter,0.0
k0,d180,Cupriavidus,0.0
k0,d180,Cutibacterium,0.0
k0,d180,Cytophaga,0.0
k0,d180,DP-6,0.000909755065217711
k0,d180,DSOM01,0.0
k0,d180,DSPE01,0.0020830179829792765
k0,d180,DSQF01,0.0001651443568437327
k0,d180,DSVQ01,0.0
k0,d180,DSXL01,7.119626541310615e-05
k0,d180,DTIX01,0.0018290393937250519
k0,d180,Dactylosporangium,0.0004267886667537458
k0,d180,Demequina,0.0
k0,d180,Desulfitobacterium_A,0.0
k0,d180,Desulfosporosinus,0.0
k0,d180,Devosia_A_501803,0.0
k0,d180,Dictyobacter,0.0006082697204049703
k0,d180,Dokdonella_A,0.0017851668124033067
k0,d180,Dongia_507332,6.0916179337231965e-05
k0,d180,Dongia_507335,6.972333779562696e-05
k0,d180,Dyella_B,1.3579391914830055e-05
k0,d180,ELB16-189,4.23878286639681e-05
k0,d180,ER46,0.0003629502822621512
k0,d180,EW11,0.0
k0,d180,Edaphobacter_415416,0.01632131687753526
k0,d180,Elarobacter,0.0003036837558443972
k0,d180,F0540,0.0
k0,d180,F1-20-MAGs016,0.0
k0,d180,F1-60-MAGs149,0.00021541517446079512
k0,d180,F1-60-MAGs163,0.004076568510862326
k0,d180,FW602-bin16,3.0458089668615983e-05
k0,d180,Fen-1137,0.0004108290706308472
k0,d180,Fen-178,0.005689895026141134
k0,d180,Fen-455,0.00038147863293541505
k0,d180,Ferruginibacter,0.0
k0,d180,Filimonas,0.0
k0,d180,Fimbriiglobus,0.000171931518863941
k0,d180,Flavipsychrobacter_928614,0.0
k0,d180,Flavobacterium,7.027716378221888e-05
k0,d180,Foetidibacter,0.0
k0,d180,Frankia,0.0009170740924353866
k0,d180,GAS188,0.0003961487839087177
k0,d180,GMQP-bins7,0.0027116255393642764
k0,d180,GWA1-52-35,0.000615975984056066
k0,d180,GWA2-37-10,0.0
k0,d180,GWA2-66-18,5.761687349827609e-05
k0,d180,GWC2-73-18,0.006566180264087895
k0,d180,Gaiella,0.00204958025224628
k0,d180,Gallalistipes,0.0
k0,d180,Gemmata,5.577867023650156e-05
k0,d180,Gemmatimonas,0.0
k0,d180,Geomonas,0.0
k0,d180,Geotalea,0.0
k0,d180,Geothrix,7.357646962117475e-05
k0,d180,Ginsengibacter,0.0010451904658876007
k0,d180,Gp1-AA112,0.0
k0,d180,Gp1-AA122,0.04988019554454478
k0,d180,Gp1-AA133,0.009632074973813793
k0,d180,Gp1-AA17,0.018916338138762773
k0,d180,Gp13-AA74,0.00019011148680762077
k0,d180,Gp6-AA45,0.0012057055287474745
k0,d180,Gp7-AA6,0.0089981920367299
k0,d180,Granulicella_A_416163,0.0027760059248021648
k0,d180,Granulicella_A_416614,1.394466755912539e-05
k0,d180,Granulicella_C_413841,0.0
k0,d180,HRBIN30,0.0005449564439449586
k0,d180,HRBIN33,9.761267291387774e-05
k0,d180,Haliangium_463188,0.0020633481945034064
k0,d180,Hamadaea,0.0
k0,d180,Hypericibacter,0.0034498042256135147
k0,d180,Hyphomicrobium_A,0.0010636732056911442
k0,d180,Ideonella_A_591966,5.834742478686677e-05
k0,d180,Ilumatobacter_A,0.00019907847765330327
k0,d180,JAABRT01,0.002149962055093117
k0,d180,JAAUSQ01,2.715878382966011e-05
k0,d180,JAAUUD01,3.0458089668615983e-05
k0,d180,JAAYDF01,0.0
k0,d180,JAAYUB01,0.0
k0,d180,JAAYUY01,0.0
k0,d180,JAAZOP01,0.0
k0,d180,JABFSC01,0.0
k0,d180,JABFSM01,0.0002655143346502722
k0,d180,JACRCG01,0.0
k0,d180,JC017,3.0458089668615983e-05
k0,d180,Jatrophihabitans_372606,0.000541480412804004
k0,d180,KBS-83,0.00026587961029456755
k0,d180,KBS-96,0.0
k0,d180,Kineosporia,0.0
k0,d180,Koribacter,7.229209234599215e-05
k0,d180,Kouleothrix,3.0458089668615983e-05
k0,d180,Ktedonobacter,0.0008115784305684146
k0,d180,Ktedonosporobacter,9.98161518199476e-05
k0,d180,Kutzneria,0.0
k0,d180,LMUY01,0.0
k0,d180,Labrys_504686,4.0738175744490164e-05
k0,d180,Lacipirellula,0.0
k0,d180,Lacunisphaera_756265,0.0
k0,d180,Lacunisphaera_756365,0.0
k0,d180,Lentzea,9.761267291387774e-05
k0,d180,Longimicrobium,0.0
k0,d180,Luteibacter,0.0
k0,d180,MB-PLM-2,0.00038054263838981653
k0,d180,MT45,0.0
k0,d180,Marmoricola_A_392027,0.00031120146915319615
k0,d180,Massilia,0.0
k0,d180,Methylocella,0.0
k0,d180,Microcoleus,0.0
k0,d180,Micromonospora_H_372070,0.00046202405775321026
k0,d180,Modestobacter,0.00011082678918441244
k0,d180,Mucilaginibacter_A,0.0016901516119948036
k0,d180,Mycobacterium,0.004379311204286712
k0,d180,Nakamurella,0.0
k0,d180,Nemorincola,0.0
k0,d180,Neobacillus,8.147635148898033e-05
k0,d180,Nevskia_608436,0.0
k0,d180,Niastella,0.0003238499343968411
k0,d180,Nibricoccus,0.0
k0,d180,Nitrosospira,0.0026587808993224354
k0,d180,Nocardia,0.0
k0,d180,Nocardioides_A_392796,0.0008616725228834783
k0,d180,Novosphingobium_485350,0.0
k0,d180,O2-12-FULL-42-9,0.0
k0,d180,OLB11,0.0
k0,d180,OLB17_426821,0.002955145627949157
k0,d180,OLB17_427637,0.0
k0,d180,OLB9,0.0017127267127103251
k0,d180,Obscuribacter,0.0
k0,d180,Ohtaekwangia,0.0
k0,d180,PALSA-1081,0.0
k0,d180,PMMR1,9.137426900584795e-05
k0,d180,PSRF01,0.0035557394919495115
k0,d180,Paenibacillus_AC,0.0
k0,d180,Paenibacillus_E,0.0
k0,d180,Paenibacillus_J_366884,0.0
k0,d180,Paenibacillus_O,0.0
k0,d180,Palsa-1150,0.0017051870386124016
k0,d180,Palsa-1233,0.0017945176610994669
k0,d180,Palsa-1315,7.357646962117475e-05
k0,d180,Palsa-1447,0.0
k0,d180,Palsa-187,0.033805343571840354
k0,d180,Palsa-189,0.020787223360205498
k0,d180,Palsa-295,0.0098389002581135
k0,d180,Palsa-513,0.00025065056546025956
k0,d180,Palsa-739,0.025471194207575043
k0,d180,Palsa-851,0.0006970752348604532
k0,d180,Palsa-89,0.00018386125785929314
k0,d180,Pan216,0.0
k0,d180,Paraburkholderia_580243,0.0023868666390853745
k0,d180,Parafilimonas,0.0010699572204688945
k0,d180,Paraflavitalea,0.00016661728446121186
k0,d180,Pedosphaera,0.0
k0,d180,Pelosinus,0.0
k0,d180,Peribacillus_301373,0.00014569183666516815
k0,d180,Phaselicystis,0.0
k0,d180,Phenylobacterium,0.0036386195101056553
k0,d180,Pirellula_B_754535,1.5229044834307991e-05
k0,d180,Piscinibacter,0.001528836736896023
k0,d180,Polyangium,0.0
k0,d180,Posidoniimonas,2.788933511825078e-05
k0,d180,Pseudolabrys_502496,0.0022216665356230947
k0,d180,Pseudolabrys_502538,0.005369795176790101
k0,d180,Pseudomonas_E_647464,0.0
k0,d180,Pseudonocardia,0.0003598226338507807
k0,d180,Pseudorhodoplanes,0.001725387002994268
k0,d180,Pseudoxanthomonas_A_615337,0.0
k0,d180,Puia,0.005909383979307723
k0,d180,QHVH01,0.0006550813997957894
k0,d180,QHYU01,0.0026725032307098415
k0,d180,QQVM01,5.431756765932022e-05
k0,d180,QUBU01,0.0008532357079437921
k0,d180,RBC038,4.183400267737617e-05
k0,d180,RBG-16-71-46,0.00037027944522865364
k0,d180,REDI01,0.0
k0,d180,RGZZ01,0.0
k0,d180,RHKY01,9.835504924276624e-05
k0,d180,RSA9,2.7524059473955443e-05
k0,d180,Ralstonia,0.0
k0,d180,Reyranella,0.0032523517507990936
k0,d180,Rhabdothermincola,0.0005491917443295129
k0,d180,Rhizobium_A_501058,0.0
k0,d180,Rhodanobacter_612715,0.005124266916807332
k0,d180,Rhodococcus_C_375578,5.431756765932022e-05
k0,d180,Rhodomicrobium,0.00029028108923156586
k0,d180,Rhodopila_506777,0.0009471550814194096
k0,d180,Rickettsia,0.0
k0,d180,Roseiarcus,0.003027742181446484
k0,d180,Roseococcus,0.0
k0,d180,Rubrimentiphilum,0.0034454040249672596
k0,d180,Rudaea,0.014874463017953617
k0,d180,Rugosimonospora_371197,0.00042185153303560984
k0,d180,Ruminiclostridium,0.0
k0,d180,SBAT01,0.0002667987119254548
k0,d180,SCGC-AG-212-F23,0.00022166540340912274
k0,d180,SCGC-AG-212-J23,0.00041285582423491833
k0,d180,SCN-69-37,0.0004781722042184055
k0,d180,SCTI01,5.9631802062049364e-05
k0,d180,SCTM01,0.0
k0,d180,SHUM01,0.0005453284767551384
k0,d180,SHUY01,0.0023444517817578685
k0,d180,SHUZ01,0.0005170671088267077
k0,d180,SHXO01,0.0006622101873796975
k0,d180,SHZZ01,4.11034513887855e-05
k0,d180,SIO2C1,0.0
k0,d180,SIRW01,0.0003051397905471651
k0,d180,SLQV01,9.670539632328832e-05
k0,d180,SURF-43,0.0
k0,d180,SYSU-D60014,0.0
k0,d180,Saccharimonas,0.0008275380266913133
k0,d180,Sandaracinus,0.0
k0,d180,Schlesneria,0.0
k0,d180,Silanimonas_613110,0.0016937993005633435
k0,d180,Silvibacterium,0.000364029216280326
k0,d180,Silvimonas,0.00034861668897813474
k0,d180,Singulisphaera,0.0002662567109791607
k0,d180,Solibacter,0.02344789444213878
k0,d180,Solirubrobacter,0.00023614700404012883
k0,d180,SpSt-583,0.00040222735542945996
k0,d180,Sphingomicrobium_483265,0.0
k0,d180,Spirillospora_393771,0.0009845939513249437
k0,d180,Sporocytophaga,0.0002044214300110415
k0,d180,Stella,0.0029497300360581597
k0,d180,Stenotrophomonas_A_615274,0.0
k0,d180,Streptacidiphilus_A_400617,0.002309563084196517
k0,d180,Streptomyces_G_399870,0.0005361543533609769
k0,d180,Sulfotelmatobacter,0.009546254168297104
k0,d180,Sulfuricaulis,0.0
k0,d180,Tardiphaga,0.0
k0,d180,Tautonia,0.0
k0,d180,Telmatobacter,0.00976975270709359
k0,d180,Tepidiforma,0.0
k0,d180,Terrabacter,0.0
k0,d180,Terracidiphilus_417212,0.0017651722912784482
k0,d180,Terracidiphilus_417258,0.0011794776715889996
k0,d180,Trebonia,0.0042426083192563515
k0,d180,Tundrisphaera,0.0
k0,d180,Tyrphobacter,0.001328834089737419
k0,d180,UBA10511,0.001114531635124221
k0,d180,UBA11358,0.0
k0,d180,UBA11361,0.0023921166804122015
k0,d180,UBA11740,0.0016589460781228857
k0,d180,UBA12499,0.0043573287832616185
k0,d180,UBA2421,0.006911068828809346
k0,d180,UBA2475,0.0
k0,d180,UBA3254,0.00041836367685435744
k0,d180,UBA3939,0.0
k0,d180,UBA4142,0.0003644113848393325
k0,d180,UBA4664,0.000962778119853022
k0,d180,UBA4720,0.001193964340094419
k0,d180,UBA4722,0.0003834935614991883
k0,d180,UBA5216,0.0005970823577385068
k0,d180,UBA7657,0.0
k0,d180,UBA7692,0.0
k0,d180,UBA8199,0.0
k0,d180,UBA8260,0.0
k0,d180,UBA920,0.0
k0,d180,UBA923,2.715878382966011e-05
k0,d180,UBA9339,0.0
k0,d180,UBA953,0.0
k0,d180,UBA966,0.0
k0,d180,UKL13-3,0.0
k0,d180,URHD0088,0.0020031574985803517
k0,d180,UTBCD1,0.00046169932510422185
k0,d180,UTPRO1,0.0007378134106049433
k0,d180,Udaeobacter,0.0005242364394059226
k0,d180,Uliginosibacterium_596785,0.0
k0,d180,Unclassified,0.26892007123372225
k0,d180,Urbifossiella,6.789695957415027e-05
k0,d180,Usitatibacter,0.007467865479301687
k0,d180,VAYN01,0.0023932598075062784
k0,d180,VAZQ01,0.0032905161041188054
k0,d180,VBAR01,0.0
k0,d180,VBCG01,0.02633181547540635
k0,d180,VBDM01,0.0007517580781640686
k0,d180,VFJN01,4.183400267737617e-05
k0,d180,Variibacter,0.010565009644477751
k0,d180,Variovorax,1.394466755912539e-05
k0,d180,Vermiphilus,4.0738175744490164e-05
k0,d180,Vicinamibacter,0.0007040560150973714
k0,d180,WHSN01,0.01066169645859486
k0,d180,WHTK01,0.00010900041096293577
k0,d180,WQYP01,0.0007537898996425532
k0,d180,WRKR01,0.0
k0,d180,WS-7,0.00010000470216224419
k0,d180,WYBL01,0.0
k0,d180,WYBT01,0.0
k0,d180,Williamsia_B,0.0
k0,d180,Z2-YC6860,0.0014027521849222936
k0,d180,Zavarzinella,0.00016092088149947614
k0,d180,Zemynaea,0.0
k0,d3,2-01-FULL-59-12,0.0034463132702269457
k0,d3,2-01-FULL-63-20,3.65737692926633e-05
k0,d3,2-12-FULL-35-15,0.0
k0,d3,2011-GWC2-44-17,0.0
k0,d3,2013-40CM-41-45,0.0
k0,d3,40CM-4-65-16,0.00036934406070110107
k0,d3,40CM-4-68-19,9.814505839630975e-05
k0,d3,AC-14,0.0017821257572112204
k0,d3,AC-51,0.0019107622411462055
k0,d3,AC-64,0.0006173905640425321
k0,d3,AG11,0.01994640956295087
k0,d3,AG41,0.0
k0,d3,AV80,0.0007883045879450304
k0,d3,AWTP1-13,0.0
k0,d3,Abditibacterium,0.0
k0,d3,Acerihabitans,0.0
k0,d3,Achromobacter,0.0
k0,d3,Acidicapsa,0.0007498857978047443
k0,d3,Acidiferrimicrobium,0.0008440459153474479
k0,d3,Acidisarcina,0.0002821442966545748
k0,d3,Acidisoma,0.0
k0,d3,Acidobacterium_A_417822,0.00010573636702438385
k0,d3,Acidocella,0.0
k0,d3,Acidoferrum,0.046416282226527744
k0,d3,Acidothermus,0.0004169893153699272
k0,d3,Actinoallomurus,0.006324516386980651
k0,d3,Actinocrinis,0.0
k0,d3,Actinomarinicola,0.0
k0,d3,Actinoplanes,0.002466455325058712
k0,d3,Actinospica_394695,0.0005290604082010572
k0,d3,Actinospica_394702,0.0008436673422683099
k0,d3,Adhaeribacter,0.0
k0,d3,Aetherobacter,0.00032245062474808546
k0,d3,Afipia,0.0
k0,d3,Aliidongia,0.0011844075153839599
k0,d3,Aliterella,0.0
k0,d3,Alteraurantiacibacter,0.0
k0,d3,Amycolatopsis_D_380830,0.00045591286961573066
k0,d3,Anammoximicrobium,0.0
k0,d3,Aquicella_A,0.0
k0,d3,Aquihabitans,0.00039845271239206964
k0,d3,Aquisphaera,0.01023823510238423
k0,d3,Arenimicrobium,0.0004938694127561012
k0,d3,Arenimonas_613591,0.0016185506598840372
k0,d3,Armatimonas,6.543003893087316e-05
k0,d3,Asanoa,0.001350458588690662
k0,d3,Aurantisolimonas,0.0
k0,d3,Babela,0.0
k0,d3,Bacillus_A,0.0
k0,d3,Bacillus_BD,0.00022678154233129522
k0,d3,Baekduia,0.0021614109114935355
k0,d3,Bauldia,0.0002560163850486431
k0,d3,Berkiella_A,0.0
k0,d3,Binatus,0.0020582767114750507
k0,d3,Bog-1198,0.012379468927556975
k0,d3,Bog-209,0.007943571810970206
k0,d3,Bog-257,0.0032414648337008183
k0,d3,Bog-515,0.00247006169283318
k0,d3,Bog-532,0.01481333542417663
k0,d3,Bog-756,0.0002418379685610641
k0,d3,Bradyrhizobium,0.03378109714052296
k0,d3,Brevundimonas,0.0006363057400995275
k0,d3,C7867-002,0.0
k0,d3,CACGMS01,3.271501946543658e-05
k0,d3,CADDYX01,0.0003037878307438486
k0,d3,CADDZI01,0.0003878806636789586
k0,d3,CF-113,0.0010047717910584388
k0,d3,CF-13,0.0
k0,d3,CF-154,0.002802542412525723
k0,d3,CF-39,0.0
k0,d3,CSBr16-57R1,3.65737692926633e-05
k0,d3,Caballeronia,0.0011654923393269643
k0,d3,Capsulimonas,0.00016122531237404273
k0,d3,Casp-actino8,0.0015771139399955783
k0,d3,Catellatospora,0.0020937572786359016
k0,d3,Catenulispora,0.0029745868282231697
k0,d3,Caulobacter_487784,0.00018286884646331652
k0,d3,Chloroflexus,0.0012747088830994367
k0,d3,Chondromyces,0.0002560163850486431
k0,d3,Chryseolinea,0.0003137289243250628
k0,d3,Chthonomonas,0.0005581690598920258
k0,d3,Clostridium_AD,0.00010573636702438385
k0,d3,Clostridium_AM,0.0
k0,d3,Collimonas,0.0005888703503778585
k0,d3,Conexibacter,0.0
k0,d3,Cupriavidus,0.0
k0,d3,Cutibacterium,0.0
k0,d3,Cytophaga,0.0
k0,d3,DP-6,4.030632809351068e-05
k0,d3,DSOM01,9.814505839630975e-05
k0,d3,DSPE01,0.002573537276267667
k0,d3,DSQF01,0.00016743384715440962
k0,d3,DSVQ01,0.0
k0,d3,DSXL01,0.0004080152328941459
k0,d3,DTIX01,0.0007532397835264536
k0,d3,Dactylosporangium,0.0006865531617742526
k0,d3,Demequina,0.0
k0,d3,Desulfitobacterium_A,0.0
k0,d3,Desulfosporosinus,0.0
k0,d3,Devosia_A_501803,0.00034023540901013255
k0,d3,Dictyobacter,0.0019592483158940854
k0,d3,Dokdonella_A,0.0015746379640160584
k0,d3,Dongia_507332,0.0
k0,d3,Dongia_507335,0.0
k0,d3,Dyella_B,0.0
k0,d3,ELB16-189,0.009017595201123607
k0,d3,ER46,0.004131357467127111
k0,d3,EW11,0.0006109296472094065
k0,d3,Edaphobacter_415416,0.00828447536477537
k0,d3,Elarobacter,0.00033650285020928516
k0,d3,F0540,0.0
k0,d3,F1-20-MAGs016,0.0
k0,d3,F1-60-MAGs149,0.0002846202726340943
k0,d3,F1-60-MAGs163,0.008573878881236523
k0,d3,FW602-bin16,0.0002114727340487677
k0,d3,Fen-1137,0.00010959511685161056
k0,d3,Fen-178,0.002846997062162355
k0,d3,Fen-455,0.0007482506419042783
k0,d3,Ferruginibacter,0.0
k0,d3,Filimonas,0.0
k0,d3,Fimbriiglobus,0.00033662904123566453
k0,d3,Flavipsychrobacter_928614,0.0
k0,d3,Flavobacterium,0.0017968089378043166
k0,d3,Foetidibacter,0.0
k0,d3,Frankia,0.0035164800687272346
k0,d3,GAS188,0.00035030269361772617
k0,d3,GMQP-bins7,0.002277593136204651
k0,d3,GWA1-52-35,0.0011213272614062268
k0,d3,GWA2-37-10,0.007651155692203346
k0,d3,GWA2-66-18,4.030632809351068e-05
k0,d3,GWC2-73-18,0.013702701075067429
k0,d3,Gaiella,0.004672745943525659
k0,d3,Gallalistipes,0.0
k0,d3,Gemmata,0.00023437285095936935
k0,d3,Gemmatimonas,3.271501946543658e-05
k0,d3,Geomonas,0.0
k0,d3,Geotalea,0.0
k0,d3,Geothrix,0.0002557640029958844
k0,d3,Ginsengibacter,0.0015167992337132596
k0,d3,Gp1-AA112,0.0
k0,d3,Gp1-AA122,0.016883856529928395
k0,d3,Gp1-AA133,0.001840595442645916
k0,d3,Gp1-AA17,0.008879979307270375
k0,d3,Gp13-AA74,0.0
k0,d3,Gp6-AA45,0.001073051051605504
k0,d3,Gp7-AA6,0.0051161580696598786
k0,d3,Granulicella_A_416163,0.0006306856433454557
k0,d3,Granulicella_A_416614,0.0006070708973821798
k0,d3,Granulicella_C_413841,0.0
k0,d3,HRBIN30,0.0003902304486320988
k0,d3,HRBIN33,0.0005289342171746779
k0,d3,Haliangium_463188,0.002855429190869483
k0,d3,Hamadaea,0.0
k0,d3,Hypericibacter,0.002953952822344931
k0,d3,Hyphomicrobium_A,0.0022801063018473068
k0,d3,Ideonella_A_591966,0.003630186317458831
k0,d3,Ilumatobacter_A,0.0018693255212577466
k0,d3,JAABRT01,0.0007154094314124624
k0,d3,JAAUSQ01,0.00045591286961573066
k0,d3,JAAUUD01,0.0005652556044145825
k0,d3,JAAYDF01,0.0
k0,d3,JAAYUB01,0.0002114727340487677
k0,d3,JAAYUY01,0.0
k0,d3,JAAZOP01,0.0
k0,d3,JABFSC01,4.030632809351068e-05
k0,d3,JABFSM01,0.0001500276359715006
k0,d3,JACRCG01,0.00013086007786174632
k0,d3,JC017,6.543003893087316e-05
k0,d3,Jatrophihabitans_372606,0.0016133091362091033
k0,d3,KBS-83,0.00029992908091662187
k0,d3,KBS-96,0.0
k0,d3,Kineosporia,0.001410721483272874
k0,d3,Koribacter,0.0
k0,d3,Kouleothrix,0.0
k0,d3,Ktedonobacter,0.0016563438223348922
k0,d3,Ktedonosporobacter,0.0
k0,d3,Kutzneria,0.0006018293737072458
k0,d3,LMUY01,0.0
k0,d3,Labrys_504686,0.00013086007786174632
k0,d3,Lacipirellula,0.0
k0,d3,Lacunisphaera_756265,0.0003802893550508845
k0,d3,Lacunisphaera_756365,0.0015521164201845949
k0,d3,Lentzea,0.0004247068150243806
k0,d3,Longimicrobium,0.0
k0,d3,Luteibacter,0.0017099877468369285
k0,d3,MB-PLM-2,0.0008956761108698802
k0,d3,MT45,0.0007597007003595792
k0,d3,Marmoricola_A_392027,0.002226967141450788
k0,d3,Massilia,0.00036573769292663305
k0,d3,Methylocella,9.814505839630975e-05
k0,d3,Microcoleus,0.0
k0,d3,Micromonospora_H_372070,0.0021341007963925486
k0,d3,Modestobacter,0.0005770842359490213
k0,d3,Mucilaginibacter_A,0.018219511074442047
k0,d3,Mycobacterium,0.006150205860250842
k0,d3,Nakamurella,0.0007217441572192088
k0,d3,Nemorincola,0.00022900513625805606
k0,d3,Neobacillus,0.0
k0,d3,Nevskia_608436,0.0
k0,d3,Niastella,0.00010573636702438385
k0,d3,Nibricoccus,0.0
k0,d3,Nitrosospira,6.543003893087316e-05
k0,d3,Nocardia,7.31475385853266e-05
k0,d3,Nocardioides_A_392796,0.0036830730958025914
k0,d3,Novosphingobium_485350,0.0
k0,d3,O2-12-FULL-42-9,0.0
k0,d3,OLB11,0.0001462950771706532
k0,d3,OLB17_426821,0.0019473360104388688
k0,d3,OLB17_427637,0.0002194426157559798
k0,d3,OLB9,0.0
k0,d3,Obscuribacter,0.0
k0,d3,Ohtaekwangia,0.00021172511610152638
k0,d3,PALSA-1081,0.0
k0,d3,PMMR1,0.0
k0,d3,PSRF01,0.0009809883369631819
k0,d3,Paenibacillus_AC,0.0
k0,d3,Paenibacillus_E,0.0
k0,d3,Paenibacillus_J_366884,0.0
k0,d3,Paenibacillus_O,0.0
k0,d3,Palsa-1150,0.006904239979598707
k0,d3,Palsa-1233,0.0021364133916825525
k0,d3,Palsa-1315,0.00020388142542069362
k0,d3,Palsa-1447,0.0
k0,d3,Palsa-187,0.023161642861645543
k0,d3,Palsa-189,0.008391173415462722
k0,d3,Palsa-295,0.0030584697962111225
k0,d3,Palsa-513,0.00017515134680886309
k0,d3,Palsa-739,0.028749952430645976
k0,d3,Palsa-851,9.814505839630975e-05
k0,d3,Palsa-89,0.0003964389834124657
k0,d3,Pan216,0.0
k0,d3,Paraburkholderia_580243,0.002926479326554428
k0,d3,Parafilimonas,0.00111511872662586
k0,d3,Paraflavitalea,0.0001097213078779899
k0,d3,Pedosphaera,0.0
k0,d3,Pelosinus,0.0
k0,d3,Peribacillus_301373,3.65737692926633e-05
k0,d3,Phaselicystis,0.0
k0,d3,Phenylobacterium,0.005088142620100722
k0,d3,Pirellula_B_754535,0.0
k0,d3,Piscinibacter,0.0032977945991295317
k0,d3,Polyangium,0.0
k0,d3,Posidoniimonas,0.00042332404117667344
k0,d3,Pseudolabrys_502496,0.0018502841541743716
k0,d3,Pseudolabrys_502538,0.002751327979745565
k0,d3,Pseudomonas_E_647464,0.0
k0,d3,Pseudonocardia,0.0010995575362905737
k0,d3,Pseudorhodoplanes,0.0019110146231989646
k0,d3,Pseudoxanthomonas_A_615337,0.0
k0,d3,Puia,0.01267344185574599
k0,d3,QHVH01,0.0006842033768211124
k0,d3,QHYU01,0.0013588017160345467
k0,d3,QQVM01,0.0010092561685750966
k0,d3,QUBU01,0.00022304898353044784
k0,d3,RBC038,0.0
k0,d3,RBG-16-71-46,0.00012091898428053205
k0,d3,REDI01,0.0
k0,d3,RGZZ01,0.0
k0,d3,RHKY01,0.0002418379685610641
k0,d3,RSA9,0.0002557640029958844
k0,d3,Ralstonia,0.0
k0,d3,Reyranella,0.006256988945149397
k0,d3,Rhabdothermincola,0.0022996099159305976
k0,d3,Rhizobium_A_501058,0.0011942224179387947
k0,d3,Rhodanobacter_612715,0.0016024900328856992
k0,d3,Rhodococcus_C_375578,0.0001097213078779899
k0,d3,Rhodomicrobium,0.00010573636702438385
k0,d3,Rhodopila_506777,0.0023647038988879343
k0,d3,Rickettsia,0.0
k0,d3,Roseiarcus,0.005380732774442028
k0,d3,Roseococcus,0.0
k0,d3,Rubrimentiphilum,0.0012229524965506253
k0,d3,Rudaea,0.006955870175121139
k0,d3,Rugosimonospora_371197,0.0004480691789348979
k0,d3,Ruminiclostridium,0.0
k0,d3,SBAT01,0.0007407855243025835
k0,d3,SCGC-AG-212-F23,0.0
k0,d3,SCGC-AG-212-J23,0.002444522219253543
k0,d3,SCN-69-37,0.0022017172395870466
k0,d3,SCTI01,0.0003173352920995309
k0,d3,SCTM01,0.0001635750973271829
k0,d3,SHUM01,0.00038427429590449057
k0,d3,SHUY01,0.0054390709414078794
k0,d3,SHUZ01,0.0018622389767351897
k0,d3,SHXO01,0.0008078507191339227
k0,d3,SHZZ01,0.0008436673422683099
k0,d3,SIO2C1,0.0
k0,d3,SIRW01,0.00020014886661984623
k0,d3,SLQV01,0.0036202452238776168
k0,d3,SURF-43,0.0
k0,d3,SYSU-D60014,0.0
k0,d3,Saccharimonas,0.0004600240014957161
k0,d3,Sandaracinus,0.0
k0,d3,Schlesneria,0.0002560163850486431
k0,d3,Silanimonas_613110,0.000365359119847495
k0,d3,Silvibacterium,0.00023672263591250955
k0,d3,Silvimonas,0.0
k0,d3,Singulisphaera,0.00041350913862183846
k0,d3,Solibacter,0.017411029400176227
k0,d3,Solirubrobacter,0.0012219482957820562
k0,d3,SpSt-583,0.0014635338822903616
k0,d3,Sphingomicrobium_483265,0.0
k0,d3,Spirillospora_393771,0.00216900222012161
k0,d3,Sporocytophaga,0.0004734452718250191
k0,d3,Stella,0.004022430495070534
k0,d3,Stenotrophomonas_A_615274,0.0
k0,d3,Streptacidiphilus_A_400617,0.00914027020488852
k0,d3,Streptomyces_G_399870,0.0022389219640116063
k0,d3,Sulfotelmatobacter,0.005067881859859156
k0,d3,Sulfuricaulis,0.0005415146674249273
k0,d3,Tardiphaga,0.0
k0,d3,Tautonia,0.0
k0,d3,Telmatobacter,0.0018922256381683482
k0,d3,Tepidiforma,0.0
k0,d3,Terrabacter,0.0
k0,d3,Terracidiphilus_417212,0.000505319471211402
k0,d3,Terracidiphilus_417258,0.00013086007786174632
k0,d3,Trebonia,0.008458832375762821
k0,d3,Tundrisphaera,0.00036275695284159615
k0,d3,Tyrphobacter,0.0005038105063373154
k0,d3,UBA10511,0.003353871982505485
k0,d3,UBA11358,0.00018286884646331652
k0,d3,UBA11361,0.00153072526814808
k0,d3,UBA11740,0.003807939831273593
k0,d3,UBA12499,0.001964742221621778
k0,d3,UBA2421,0.009805053641547119
k0,d3,UBA2475,0.0004023114622192963
k0,d3,UBA3254,0.0001097213078779899
k0,d3,UBA3939,0.0
k0,d3,UBA4142,0.0005116541970181483
k0,d3,UBA4664,0.0022268409504244088
k0,d3,UBA4720,0.00046350417824380475
k0,d3,UBA4722,0.0
k0,d3,UBA5216,0.0004305367767256095
k0,d3,UBA7657,8.061265618702137e-05
k0,d3,UBA7692,0.0001635750973271829
k0,d3,UBA8199,0.0
k0,d3,UBA8260,0.0
k0,d3,UBA920,0.0
k0,d3,UBA923,6.543003893087316e-05
k0,d3,UBA9339,0.0
k0,d3,UBA953,0.0
k0,d3,UBA966,7.31475385853266e-05
k0,d3,UKL13-3,0.0
k0,d3,URHD0088,0.00100539741874787
k0,d3,UTBCD1,0.0
k0,d3,UTPRO1,0.0009775081602150931
k0,d3,Udaeobacter,0.002059533294296378
k0,d3,Uliginosibacterium_596785,0.00011718642547968467
k0,d3,Unclassified,0.29404058623174706
k0,d3,Urbifossiella,0.0023092149535382752
k0,d3,Usitatibacter,0.014402003395223913
k0,d3,VAYN01,0.003470974734064392
k0,d3,VAZQ01,0.0030925303998611303
k0,d3,VBAR01,0.0003137289243250628
k0,d3,VBCG01,0.018684309025170317
k0,d3,VBDM01,0.004825501937529438
k0,d3,VFJN01,0.00017515134680886309
k0,d3,Variibacter,0.006665004178043541
k0,d3,Variovorax,0.0012075174972417185
k0,d3,Vermiphilus,0.0
k0,d3,Vicinamibacter,0.00047134786892463754
k0,d3,WHSN01,0.01753346664392535
k0,d3,WHTK01,6.543003893087316e-05
k0,d3,WQYP01,0.0025303763991154984
k0,d3,WRKR01,0.00018286884646331652
k0,d3,WS-7,0.00011345386667883728
k0,d3,WYBL01,0.0001635750973271829
k0,d3,WYBT01,0.0
k0,d3,Williamsia_B,0.00018261646441055786
k0,d3,Z2-YC6860,0.0022813256950054987
k0,d3,Zavarzinella,0.0001462950771706532
k0,d3,Zemynaea,0.0001962901167926195
k0,d360,2-01-FULL-59-12,0.0015078248059892864
k0,d360,2-01-FULL-63-20,0.0
k0,d360,2-12-FULL-35-15,0.0
k0,d360,2011-GWC2-44-17,0.0
k0,d360,2013-40CM-41-45,0.0
k0,d360,40CM-4-65-16,6.931447979482913e-05
k0,d360,40CM-4-68-19,0.0
k0,d360,AC-14,0.0005545158383586331
k0,d360,AC-51,0.0002740101383751199
k0,d360,AC-64,0.0
k0,d360,AG11,0.013697199548956726
k0,d360,AG41,0.0
k0,d360,AV80,0.0004649686660890607
k0,d360,AWTP1-13,0.0
k0,d360,Abditibacterium,0.0
k0,d360,Acerihabitans,0.0
k0,d360,Achromobacter,0.0
k0,d360,Acidicapsa,0.0
k0,d360,Acidiferrimicrobium,0.0007317801354811459
k0,d360,Acidisarcina,7.413173208792023e-05
k0,d360,Acidisoma,0.0
k0,d360,Acidobacterium_A_417822,0.00013862895958965826
k0,d360,Acidocella,0.0
k0,d360,Acidoferrum,0.12194668564188517
k0,d360,Acidothermus,0.0
k0,d360,Actinoallomurus,0.0016802289505437867
k0,d360,Actinocrinis,0.0
k0,d360,Actinomarinicola,0.0
k0,d360,Actinoplanes,7.413173208792023e-05
k0,d360,Actinospica_394695,0.0
k0,d360,Actinospica_394702,0.00045695805190497683
k0,d360,Adhaeribacter,0.0
k0,d360,Aetherobacter,0.0002055076037813399
k0,d360,Afipia,0.0
k0,d360,Aliidongia,0.0009670576171352856
k0,d360,Aliterella,0.0
k0,d360,Alteraurantiacibacter,0.0
k0,d360,Amycolatopsis_D_380830,0.0
k0,d360,Anammoximicrobium,0.0
k0,d360,Aquicella_A,0.000333592794395641
k0,d360,Aquihabitans,0.0
k0,d360,Aquisphaera,0.005068118213089137
k0,d360,Arenimicrobium,0.0
k0,d360,Arenimonas_613591,0.000809917174661108
k0,d360,Armatimonas,7.413173208792023e-05
k0,d360,Asanoa,0.000906663015913715
k0,d360,Aurantisolimonas,0.0
k0,d360,Babela,0.0
k0,d360,Bacillus_A,6.850253459377997e-05
k0,d360,Bacillus_BD,0.00034494850857204735
k0,d360,Baekduia,0.00013700506918755994
k0,d360,Bauldia,0.0
k0,d360,Berkiella_A,0.0007414146400673282
k0,d360,Binatus,0.005864481376621866
k0,d360,Bog-1198,0.004852207059795488
k0,d360,Bog-209,0.028455474763133815
k0,d360,Bog-257,0.01240337004829461
k0,d360,Bog-515,0.0
k0,d360,Bog-532,0.012105273648454035
k0,d360,Bog-756,0.0002055076037813399
k0,d360,Bradyrhizobium,0.026187486295541507
k0,d360,Brevundimonas,0.00025946106230772083
k0,d360,C7867-002,0.0
k0,d360,CACGMS01,6.850253459377997e-05
k0,d360,CADDYX01,0.00013700506918755994
k0,d360,CADDZI01,0.0010420441946991767
k0,d360,CF-113,0.0009397235748656333
k0,d360,CF-13,0.0
k0,d360,CF-154,0.0011967488015702068
k0,d360,CF-39,0.0
k0,d360,CSBr16-57R1,0.0
k0,d360,Caballeronia,0.0013312751348796973
k0,d360,Capsulimonas,0.0008848608519500773
k0,d360,Casp-actino8,0.0007615929136288675
k0,d360,Catellatospora,0.000818794152959445
k0,d360,Catenulispora,0.001664153303262415
k0,d360,Caulobacter_487784,0.0
k0,d360,Chloroflexus,0.0016673466651534075
k0,d360,Chondromyces,0.0
k0,d360,Chryseolinea,0.0
k0,d360,Chthonomonas,0.0
k0,d360,Clostridium_AD,0.0002223951962637607
k0,d360,Clostridium_AM,0.0
k0,d360,Collimonas,0.0
k0,d360,Conexibacter,0.0
k0,d360,Cupriavidus,0.0
k0,d360,Cutibacterium,0.00013862895958965826
k0,d360,Cytophaga,0.0
k0,d360,DP-6,0.0013466361561481454
k0,d360,DSOM01,0.0
k0,d360,DSPE01,0.0017310319474540964
k0,d360,DSQF01,3.7065866043960116e-05
k0,d360,DSVQ01,0.0
k0,d360,DSXL01,0.00018532933021980056
k0,d360,DTIX01,0.0018171796008181428
k0,d360,Dactylosporangium,0.0004907761371447403
k0,d360,Demequina,0.0
k0,d360,Desulfitobacterium_A,0.0
k0,d360,Desulfosporosinus,0.00018532933021980056
k0,d360,Devosia_A_501803,0.0
k0,d360,Dictyobacter,0.0015634021549177657
k0,d360,Dokdonella_A,0.001697213862214333
k0,d360,Dongia_507332,0.0
k0,d360,Dongia_507335,0.0
k0,d360,Dyella_B,0.0
k0,d360,ELB16-189,0.0
k0,d360,ER46,0.0009638098363310888
k0,d360,EW11,0.0
k0,d360,Edaphobacter_415416,0.015725289931037455
k0,d360,Elarobacter,0.0
k0,d360,F0540,0.0
k0,d360,F1-20-MAGs016,0.0
k0,d360,F1-60-MAGs149,0.00010638034583878926
k0,d360,F1-60-MAGs163,0.0038142654913764784
k0,d360,FW602-bin16,0.0
k0,d360,Fen-1137,0.0005238366960966585
k0,d360,Fen-178,0.004112513629318384
k0,d360,Fen-455,0.0007783831869231624
k0,d360,Ferruginibacter,0.0
k0,d360,Filimonas,0.0
k0,d360,Fimbriiglobus,0.0
k0,d360,Flavipsychrobacter_928614,0.0
k0,d360,Flavobacterium,0.0
k0,d360,Foetidibacter,0.0
k0,d360,Frankia,0.0009348090033844165
k0,d360,GAS188,7.413173208792023e-05
k0,d360,GMQP-bins7,0.0012289974153210758
k0,d360,GWA1-52-35,0.0005545158383586331
k0,d360,GWA2-37-10,0.0
k0,d360,GWA2-66-18,0.0
k0,d360,GWC2-73-18,0.003992396152613245
k0,d360,Gaiella,0.0016979713885021785
k0,d360,Gallalistipes,0.0
k0,d360,Gemmata,0.0
k0,d360,Gemmatimonas,0.0
k0,d360,Geomonas,0.0006850253459377997
k0,d360,Geotalea,0.0002079434393844874
k0,d360,Geothrix,6.931447979482913e-05
k0,d360,Ginsengibacter,0.0010863631486393755
k0,d360,Gp1-AA112,0.0
k0,d360,Gp1-AA122,0.051357283578137104
k0,d360,Gp1-AA133,0.0123664444017137
k0,d360,Gp1-AA17,0.029314841974650355
k0,d360,Gp13-AA74,0.0
k0,d360,Gp6-AA45,0.0008792316544559372
k0,d360,Gp7-AA6,0.006054585058859835
k0,d360,Granulicella_A_416163,0.0031292830457136014
k0,d360,Granulicella_A_416614,0.0
k0,d360,Granulicella_C_413841,0.0
k0,d360,HRBIN30,0.0002055076037813399
k0,d360,HRBIN33,0.0
k0,d360,Haliangium_463188,0.001549707924326338
k0,d360,Hamadaea,0.0
k0,d360,Hypericibacter,0.0040270690833289794
k0,d360,Hyphomicrobium_A,0.002341168035016131
k0,d360,Ideonella_A_591966,0.00014826346417584046
k0,d360,Ilumatobacter_A,0.0
k0,d360,JAABRT01,0.0007542969254577069
k0,d360,JAAUSQ01,0.0
k0,d360,JAAUUD01,0.00011119759813188036
k0,d360,JAAYDF01,0.0
k0,d360,JAAYUB01,0.0
k0,d360,JAAYUY01,0.0
k0,d360,JAAZOP01,0.0
k0,d360,JABFSC01,6.850253459377997e-05
k0,d360,JABFSM01,0.0
k0,d360,JACRCG01,0.0
k0,d360,JC017,3.7065866043960116e-05
k0,d360,Jatrophihabitans_372606,0.0007502371994524611
k0,d360,KBS-83,0.0004126390979647782
k0,d360,KBS-96,0.0
k0,d360,Kineosporia,0.0
k0,d360,Koribacter,0.0
k0,d360,Kouleothrix,0.0
k0,d360,Ktedonobacter,0.003658608719841352
k0,d360,Ktedonosporobacter,0.00013700506918755994
k0,d360,Kutzneria,0.0
k0,d360,LMUY01,0.0
k0,d360,Labrys_504686,0.0
k0,d360,Lacipirellula,0.0
k0,d360,Lacunisphaera_756265,0.0
k0,d360,Lacunisphaera_756365,0.0
k0,d360,Lentzea,0.0
k0,d360,Longimicrobium,0.0
k0,d360,Luteibacter,0.0
k0,d360,MB-PLM-2,0.0002223951962637607
k0,d360,MT45,0.0
k0,d360,Marmoricola_A_392027,0.0
k0,d360,Massilia,0.0
k0,d360,Methylocella,0.0
k0,d360,Microcoleus,0.0
k0,d360,Micromonospora_H_372070,0.00011119759813188036
k0,d360,Modestobacter,0.0
k0,d360,Mucilaginibacter_A,0.0008284286575456273
k0,d360,Mycobacterium,0.004305950892910394
k0,d360,Nakamurella,0.0
k0,d360,Nemorincola,0.0
k0,d360,Neobacillus,0.000813976900666354
k0,d360,Nevskia_608436,0.0001055684006377401
k0,d360,Niastella,0.0013569852867472514
k0,d360,Nibricoccus,0.0
k0,d360,Nitrosospira,0.005308396066774337
k0,d360,Nocardia,0.0
k0,d360,Nocardioides_A_392796,0.0004222736025509604
k0,d360,Novosphingobium_485350,0.0
k0,d360,O2-12-FULL-42-9,0.0
k0,d360,OLB11,0.0
k0,d360,OLB17_426821,0.0033566472323717823
k0,d360,OLB17_427637,0.0
k0,d360,OLB9,0.0004447903925275214
k0,d360,Obscuribacter,0.0
k0,d360,Ohtaekwangia,0.0
k0,d360,PALSA-1081,0.0
k0,d360,PMMR1,0.0
k0,d360,PSRF01,0.0026908364766931436
k0,d360,Paenibacillus_AC,0.0
k0,d360,Paenibacillus_E,0.0
k0,d360,Paenibacillus_J_366884,0.0
k0,d360,Paenibacillus_O,0.0
k0,d360,Palsa-1150,0.0012918707524207154
k0,d360,Palsa-1233,0.0008421657884119771
k0,d360,Palsa-1315,3.7065866043960116e-05
k0,d360,Palsa-1447,0.0
k0,d360,Palsa-187,0.031246770430607234
k0,d360,Palsa-189,0.02379803689976806
k0,d360,Palsa-295,0.0095208059989614
k0,d360,Palsa-513,0.00018532933021980056
k0,d360,Palsa-739,0.01658113843140258
k0,d360,Palsa-851,0.0005512680575544364
k0,d360,Palsa-89,0.0002223951962637607
k0,d360,Pan216,0.0
k0,d360,Paraburkholderia_580243,0.0024933394870958873
k0,d360,Parafilimonas,0.0017447261780455246
k0,d360,Paraflavitalea,0.000818794152959445
k0,d360,Pedosphaera,0.0
k0,d360,Pelosinus,0.0
k0,d360,Peribacillus_301373,0.0004222736025509604
k0,d360,Phaselicystis,0.00018532933021980056
k0,d360,Phenylobacterium,0.00295039485818899
k0,d360,Pirellula_B_754535,7.413173208792023e-05
k0,d360,Piscinibacter,0.0016867674124271016
k0,d360,Polyangium,0.0
k0,d360,Posidoniimonas,3.7065866043960116e-05
k0,d360,Pseudolabrys_502496,0.002848019819442243
k0,d360,Pseudolabrys_502538,0.00921540209231138
k0,d360,Pseudomonas_E_647464,0.0
k0,d360,Pseudonocardia,0.00039327276960428797
k0,d360,Pseudorhodoplanes,0.0009670576171352856
k0,d360,Pseudoxanthomonas_A_615337,0.0
k0,d360,Puia,0.01252033706338368
k0,d360,QHVH01,0.000635846239429588
k0,d360,QHYU01,0.0021017879270818236
k0,d360,QQVM01,0.0001426342666817002
k0,d360,QUBU01,0.0018028251631269949
k0,d360,RBC038,0.0
k0,d360,RBG-16-71-46,0.00011119759813188036
k0,d360,REDI01,0.0
k0,d360,RGZZ01,0.0
k0,d360,RHKY01,0.0
k0,d360,RSA9,0.00020713149418343825
k0,d360,Ralstonia,0.0
k0,d360,Reyranella,0.0034282458096684294
k0,d360,Rhabdothermincola,0.00057134901192785
k0,d360,Rhizobium_A_501058,3.7065866043960116e-05
k0,d360,Rhodanobacter_612715,0.002077507027240116
k0,d360,Rhodococcus_C_375578,0.0
k0,d360,Rhodomicrobium,0.0009187333561030449
k0,d360,Rhodopila_506777,0.0016174529326322725
k0,d360,Rickettsia,0.00014344621188274936
k0,d360,Roseiarcus,0.007409437986206598
k0,d360,Roseococcus,0.0
k0,d360,Rubrimentiphilum,0.0026715674675207787
k0,d360,Rudaea,0.0072185652590425016
k0,d360,Rugosimonospora_371197,0.0004907761371447403
k0,d360,Ruminiclostridium,0.0
k0,d360,SBAT01,0.0
k0,d360,SCGC-AG-212-F23,6.931447979482913e-05
k0,d360,SCGC-AG-212-J23,6.931447979482913e-05
k0,d360,SCN-69-37,0.00013862895958965826
k0,d360,SCTI01,0.0
k0,d360,SCTM01,0.0
k0,d360,SHUM01,0.00027725791917931653
k0,d360,SHUY01,0.0024628120829352424
k0,d360,SHUZ01,0.0005592786717385202
k0,d360,SHXO01,0.00014826346417584046
k0,d360,SHZZ01,0.00013862895958965826
k0,d360,SIO2C1,0.0
k0,d360,SIRW01,0.0
k0,d360,SLQV01,7.413173208792023e-05
k0,d360,SURF-43,0.0
k0,d360,SYSU-D60014,0.0
k0,d360,Saccharimonas,0.0005512680575544364
k0,d360,Sandaracinus,0.0
k0,d360,Schlesneria,0.0
k0,d360,Silanimonas_613110,0.0003980900218973791
k0,d360,Silvibacterium,0.0
k0,d360,Silvimonas,0.0
k0,d360,Singulisphaera,0.0014176174266199947
k0,d360,Solibacter,0.027842090894767583
k0,d360,Solirubrobacter,0.0001378170143886091
k0,d360,SpSt-583,0.0002852685333634004
k0,d360,Sphingomicrobium_483265,7.413173208792023e-05
k0,d360,Spirillospora_393771,0.0005817954617150814
k0,d360,Sporocytophaga,0.000599592318586677
k0,d360,Stella,0.005120739738777798
k0,d360,Stenotrophomonas_A_615274,0.0
k0,d360,Streptacidiphilus_A_400617,0.0023700715487746777
k0,d360,Streptomyces_G_399870,0.0005415362337801284
k0,d360,Sulfotelmatobacter,0.009706990174657171
k0,d360,Sulfuricaulis,0.0
k0,d360,Tardiphaga,0.0
k0,d360,Tautonia,0.0
k0,d360,Telmatobacter,0.012209369896791007
k0,d360,Tepidiforma,0.0
k0,d360,Terrabacter,0.0
k0,d360,Terracidiphilus_417212,0.0011596829355262465
k0,d360,Terracidiphilus_417258,0.0021332245956316434
k0,d360,Trebonia,0.007465815761697844
k0,d360,Tundrisphaera,0.0
k0,d360,Tyrphobacter,0.0019373514964364858
k0,d360,UBA10511,0.0026788205554170177
k0,d360,UBA11358,0.0
k0,d360,UBA11361,0.0032936765760840175
k0,d360,UBA11740,0.0005391003981769809
k0,d360,UBA12499,0.0021791130210607364
k0,d360,UBA2421,0.008324057197391191
k0,d360,UBA2475,0.0
k0,d360,UBA3254,0.00013862895958965826
k0,d360,UBA3939,0.0003706586604396011
k0,d360,UBA4142,7.413173208792023e-05
k0,d360,UBA4664,0.0007816738680022809
k0,d360,UBA4720,0.00035377106795718037
k0,d360,UBA4722,0.000805911867569066
k0,d360,UBA5216,0.0002223951962637607
k0,d360,UBA7657,0.0
k0,d360,UBA7692,0.0
k0,d360,UBA8199,0.0
k0,d360,UBA8260,0.0
k0,d360,UBA920,0.0
k0,d360,UBA923,0.0
k0,d360,UBA9339,0.0002223951962637607
k0,d360,UBA953,0.0
k0,d360,UBA966,0.0
k0,d360,UKL13-3,0.0
k0,d360,URHD0088,0.0009493580794518154
k0,d360,UTBCD1,0.0
k0,d360,UTPRO1,0.0004110152075626798
k0,d360,Udaeobacter,0.0008760382925649445
k0,d360,Uliginosibacterium_596785,0.0
k0,d360,Unclassified,0.2691308591557587
k0,d360,Urbifossiella,0.00013862895958965826
k0,d360,Usitatibacter,0.0031880537565330733
k0,d360,VAYN01,0.0013127636519951781
k0,d360,VAZQ01,0.005110098650614315
k0,d360,VBAR01,0.0
k0,d360,VBCG01,0.01634986625684048
k0,d360,VBDM01,0.00028689242376549873
k0,d360,VFJN01,0.0
k0,d360,Variibacter,0.005727433407159383
k0,d360,Variovorax,0.0
k0,d360,Vermiphilus,0.00011119759813188036
k0,d360,Vicinamibacter,0.0006987195765292277
k0,d360,WHSN01,0.007578539931043697
k0,d360,WHTK01,0.00024500930542844753
k0,d360,WQYP01,0.0010959976532255577
k0,d360,WRKR01,0.0
k0,d360,WS-7,0.0002740101383751199
k0,d360,WYBL01,0.0
k0,d360,WYBT01,0.0
k0,d360,Williamsia_B,0.0
k0,d360,Z2-YC6860,0.0002223951962637607
k0,d360,Zavarzinella,0.0002055076037813399
k0,d360,Zemynaea,0.0
k0,d90,2-01-FULL-59-12,0.002834254553638813
k0,d90,2-01-FULL-63-20,3.279982210396008e-05
k0,d90,2-12-FULL-35-15,0.0
k0,d90,2011-GWC2-44-17,0.0
k0,d90,2013-40CM-41-45,0.0
k0,d90,40CM-4-65-16,0.00013728588907609577
k0,d90,40CM-4-68-19,7.951112019809627e-05
k0,d90,AC-14,0.000821168876541015
k0,d90,AC-51,0.0004604074240521848
k0,d90,AC-64,0.00032033712317514155
k0,d90,AG11,0.020904003472042406
k0,d90,AG41,3.063866292874979e-05
k0,d90,AV80,7.211298874872938e-05
k0,d90,AWTP1-13,0.0
k0,d90,Abditibacterium,4.569646011030413e-05
k0,d90,Acerihabitans,0.0
k0,d90,Achromobacter,0.0
k0,d90,Acidicapsa,0.0005227607540561448
k0,d90,Acidiferrimicrobium,0.0004977559402669272
k0,d90,Acidisarcina,0.00021064538307629941
k0,d90,Acidisoma,0.0
k0,d90,Acidobacterium_A_417822,2.667806292124579e-05
k0,d90,Acidocella,0.0
k0,d90,Acidoferrum,0.09454060131612267
k0,d90,Acidothermus,8.743232021310427e-05
k0,d90,Actinoallomurus,0.0032934569175797276
k0,d90,Actinocrinis,0.0011562035106870662
k0,d90,Actinomarinicola,8.425632305406192e-05
k0,d90,Actinoplanes,0.0010988516263146116
k0,d90,Actinospica_394695,0.0006703293704426509
k0,d90,Actinospica_394702,0.0004058047929582189
k0,d90,Adhaeribacter,0.0
k0,d90,Aetherobacter,0.00021486751736662395
k0,d90,Afipia,0.0
k0,d90,Aliidongia,0.0008765561104834424
k0,d90,Aliterella,0.0
k0,d90,Alteraurantiacibacter,0.0
k0,d90,Amycolatopsis_D_380830,0.00022583323133312813
k0,d90,Anammoximicrobium,0.0
k0,d90,Aquicella_A,0.00035051388370087875
k0,d90,Aquihabitans,0.00012206674167181689
k0,d90,Aquisphaera,0.005225505133180556
k0,d90,Arenimicrobium,0.00037716207960694615
k0,d90,Arenimonas_613591,0.0020383414421552754
k0,d90,Armatimonas,6.127732585749958e-05
k0,d90,Asanoa,0.0010062473593649881
k0,d90,Aurantisolimonas,0.0
k0,d90,Babela,0.0
k0,d90,Bacillus_A,0.00018422885443787414
k0,d90,Bacillus_BD,0.00016956264261441475
k0,d90,Baekduia,0.0006647995647382237
k0,d90,Bauldia,0.00031228587208485917
k0,d90,Berkiella_A,0.00011358731456870897
k0,d90,Binatus,0.0037238946599914935
k0,d90,Bog-1198,0.01251281476925555
k0,d90,Bog-209,0.017379913227854274
k0,d90,Bog-257,0.005680323004623531
k0,d90,Bog-515,0.0012153548358918142
k0,d90,Bog-532,0.013678170136436109
k0,d90,Bog-756,0.00014870964607060385
k0,d90,Bradyrhizobium,0.029244249643060216
k0,d90,Brevundimonas,0.00035424810794802106
k0,d90,C7867-002,3.771023455765895e-05
k0,d90,CACGMS01,7.816972239380647e-05
k0,d90,CADDYX01,4.320874111463611e-05
k0,d90,CADDZI01,0.0005499267270205729
k0,d90,CF-113,0.0008580906488752036
k0,d90,CF-13,0.0
k0,d90,CF-154,0.0014877991812589826
k0,d90,CF-39,1.5319331464374896e-05
k0,d90,CSBr16-57R1,0.0
k0,d90,Caballeronia,0.0012035289105246502
k0,d90,Capsulimonas,0.0004919920400521207
k0,d90,Casp-actino8,0.0006538988763093567
k0,d90,Catellatospora,0.0018531459185133258
k0,d90,Catenulispora,0.003915329991619025
k0,d90,Caulobacter_487784,6.815238874122537e-05
k0,d90,Chloroflexus,0.001218560700066035
k0,d90,Chondromyces,0.0001487448045930627
k0,d90,Chryseolinea,0.0002572564971103396
k0,d90,Chthonomonas,0.0005797509200856826
k0,d90,Clostridium_AD,4.199739438562068e-05
k0,d90,Clostridium_AM,0.0
k0,d90,Collimonas,0.0006909506997188197
k0,d90,Conexibacter,0.0
k0,d90,Cupriavidus,3.063866292874979e-05
k0,d90,Cutibacterium,7.659665732187448e-06
k0,d90,Cytophaga,0.0
k0,d90,DP-6,0.0007503596998313797
k0,d90,DSOM01,0.0001455336489115615
k0,d90,DSPE01,0.002936112267525445
k0,d90,DSQF01,0.00019021913041304228
k0,d90,DSVQ01,6.127732585749958e-05
k0,d90,DSXL01,0.00019476782452382456
k0,d90,DTIX01,0.001044380478428192
k0,d90,Dactylosporangium,0.001028115193892631
k0,d90,Demequina,0.0
k0,d90,Desulfitobacterium_A,0.0
k0,d90,Desulfosporosinus,0.0
k0,d90,Devosia_A_501803,5.6793657284354483e-05
k0,d90,Dictyobacter,0.0020162173648520924
k0,d90,Dokdonella_A,0.0010490592236142486
k0,d90,Dongia_507332,0.0
k0,d90,Dongia_507335,2.5140156371772633e-05
k0,d90,Dyella_B,0.0
k0,d90,ELB16-189,0.0017314707621996037
k0,d90,ER46,0.0024782720303961354
k0,d90,EW11,0.00018730466753682045
k0,d90,Edaphobacter_415416,0.011251535652486372
k0,d90,Elarobacter,0.00016619013671018905
k0,d90,F0540,0.0
k0,d90,F1-20-MAGs016,0.0
k0,d90,F1-60-MAGs149,0.00021499756844189834
k0,d90,F1-60-MAGs163,0.004615457547486616
k0,d90,FW602-bin16,0.0
k0,d90,Fen-1137,0.00047467675901026875
k0,d90,Fen-178,0.005123927242466897
k0,d90,Fen-455,0.0003148034580957056
k0,d90,Ferruginibacter,0.0
k0,d90,Filimonas,0.0
k0,d90,Fimbriiglobus,0.0004789639188382305
k0,d90,Flavipsychrobacter_928614,0.0
k0,d90,Flavobacterium,0.0005433170577946764
k0,d90,Foetidibacter,4.595799439312468e-05
k0,d90,Frankia,0.001458363709287424
k0,d90,GAS188,0.00018615834634544228
k0,d90,GMQP-bins7,0.0014624326491268482
k0,d90,GWA1-52-35,0.00015902224039619255
k0,d90,GWA2-37-10,8.193381365612712e-05
k0,d90,GWA2-66-18,8.769385449592483e-05
k0,d90,GWC2-73-18,0.005916437544009223
k0,d90,Gaiella,0.002860315650552067
k0,d90,Gallalistipes,0.0
k0,d90,Gemmata,0.00020936901080964676
k0,d90,Gemmatimonas,0.0001722468703552661
k0,d90,Geomonas,0.0
k0,d90,Geotalea,0.0
k0,d90,Geothrix,3.803679437811669e-05
k0,d90,Ginsengibacter,0.001503144520363527
k0,d90,Gp1-AA112,0.00015319331464374894
k0,d90,Gp1-AA122,0.033075733147250146
k0,d90,Gp1-AA133,0.0047796247189942674
k0,d90,Gp1-AA17,0.020226820204745147
k0,d90,Gp13-AA74,0.0
k0,d90,Gp6-AA45,0.001313814036234051
k0,d90,Gp7-AA6,0.005143162427512221
k0,d90,Granulicella_A_416163,0.0018676416292317715
k0,d90,Granulicella_A_416614,0.00018340909306695369
k0,d90,Granulicella_C_413841,0.0
k0,d90,HRBIN30,0.0005474130003847353
k0,d90,HRBIN33,0.0004336291770708429
k0,d90,Haliangium_463188,0.002529987201364514
k0,d90,Hamadaea,0.0
k0,d90,Hypericibacter,0.0026363040083163935
k0,d90,Hyphomicrobium_A,0.0017016518606417744
k0,d90,Ideonella_A_591966,0.0009079480771132037
k0,d90,Ilumatobacter_A,0.0004161486864312578
k0,d90,JAABRT01,0.0004837741472318333
k0,d90,JAAUSQ01,0.00031837247274511463
k0,d90,JAAUUD01,0.00026216690956403844
k0,d90,JAAYDF01,1.5319331464374896e-05
k0,d90,JAAYUB01,6.834889748640873e-05
k0,d90,JAAYUY01,9.086985165496717e-05
k0,d90,JAAZOP01,0.0
k0,d90,JABFSC01,3.803679437811669e-05
k0,d90,JABFSM01,0.0
k0,d90,JACRCG01,6.687601647457278e-05
k0,d90,JC017,4.199739438562068e-05
k0,d90,Jatrophihabitans_372606,0.0008984889705487227
k0,d90,KBS-83,0.0003833189973121193
k0,d90,KBS-96,0.00019096857473904508
k0,d90,Kineosporia,0.0
k0,d90,Koribacter,0.0
k0,d90,Kouleothrix,0.0
k0,d90,Ktedonobacter,0.0017893172802547928
k0,d90,Ktedonosporobacter,0.0001278267825116146
k0,d90,Kutzneria,0.00015240871179528733
k0,d90,LMUY01,0.0
k0,d90,Labrys_504686,0.00019571763697001946
k0,d90,Lacipirellula,0.0
k0,d90,Lacunisphaera_756265,0.000342824350953513
k0,d90,Lacunisphaera_756365,6.285039092943158e-05
k0,d90,Lentzea,0.00040230080384644706
k0,d90,Longimicrobium,0.0
k0,d90,Luteibacter,7.659665732187447e-05
k0,d90,MB-PLM-2,0.0006810349822586062
k0,d90,MT45,0.0003079635537344386
k0,d90,Marmoricola_A_392027,0.0006318345330365303
k0,d90,Massilia,0.0
k0,d90,Methylocella,4.53699002898464e-05
k0,d90,Microcoleus,0.0
k0,d90,Micromonospora_H_372070,0.0005146782038184123
k0,d90,Modestobacter,0.0003290780845610701
k0,d90,Mucilaginibacter_A,0.007634594062329793
k0,d90,Mycobacterium,0.006312953731507975
k0,d90,Nakamurella,0.0002830199061078493
k0,d90,Nemorincola,0.00015319331464374894
k0,d90,Neobacillus,7.659665732187447e-05
k0,d90,Nevskia_608436,0.0003786686870089692
k0,d90,Niastella,0.000418701430964563
k0,d90,Nibricoccus,0.0
k0,d90,Nitrosospira,0.0013455301354415334
k0,d90,Nocardia,4.6646272556499004e-05
k0,d90,Nocardioides_A_392796,0.0012590553464246412
k0,d90,Novosphingobium_485350,0.0
k0,d90,O2-12-FULL-42-9,7.659665732187448e-06
k0,d90,OLB11,0.0
k0,d90,OLB17_426821,0.00213146877767054
k0,d90,OLB17_427637,6.841392302404593e-05
k0,d90,OLB9,0.0007098390458326036
k0,d90,Obscuribacter,0.0
k0,d90,Ohtaekwangia,0.0
k0,d90,PALSA-1081,0.00010723532025062426
k0,d90,PMMR1,4.5434925827483585e-05
k0,d90,PSRF01,0.002354848016398187
k0,d90,Paenibacillus_AC,0.0
k0,d90,Paenibacillus_E,4.595799439312468e-05
k0,d90,Paenibacillus_J_366884,0.0
k0,d90,Paenibacillus_O,0.0
k0,d90,Palsa-1150,0.0040322912442242315
k0,d90,Palsa-1233,0.0009391098086075947
k0,d90,Palsa-1315,0.0003391252852288295
k0,d90,Palsa-1447,0.0
k0,d90,Palsa-187,0.051722164796072494
k0,d90,Palsa-189,0.015015489076948054
k0,d90,Palsa-295,0.006659781546867041
k0,d90,Palsa-513,0.0004027940053969098
k0,d90,Palsa-739,0.020696276012818805
k0,d90,Palsa-851,0.00042691932378485033
k0,d90,Palsa-89,6.834889748640873e-05
k0,d90,Pan216,0.0
k0,d90,Paraburkholderia_580243,0.002528894327585747
k0,d90,Parafilimonas,0.0015510334387964916
k0,d90,Paraflavitalea,0.00027447545346710424
k0,d90,Pedosphaera,0.0
k0,d90,Pelosinus,0.0
k0,d90,Peribacillus_301373,9.086985165496717e-05
k0,d90,Phaselicystis,0.0
k0,d90,Phenylobacterium,0.0032218448362570525
k0,d90,Pirellula_B_754535,0.00022697955252450636
k0,d90,Piscinibacter,0.001605341804327915
k0,d90,Polyangium,0.0
k0,d90,Posidoniimonas,0.00011895577005041174
k0,d90,Pseudolabrys_502496,0.002034197343659886
k0,d90,Pseudolabrys_502538,0.002989472252742945
k0,d90,Pseudomonas_E_647464,0.0
k0,d90,Pseudonocardia,0.0007676176740856119
k0,d90,Pseudorhodoplanes,0.0010321408194377722
k0,d90,Pseudoxanthomonas_A_615337,0.0
k0,d90,Puia,0.018986342627328102
k0,d90,QHVH01,0.001258489400586524
k0,d90,QHYU01,0.0017372958285770386
k0,d90,QQVM01,0.00040357860824537136
k0,d90,QUBU01,0.00030694871575060655
k0,d90,RBC038,0.0
k0,d90,RBG-16-71-46,0.00021558566254517662
k0,d90,REDI01,0.0
k0,d90,RGZZ01,8.091897567229506e-05
k0,d90,RHKY01,0.00018219774633793825
k0,d90,RSA9,7.659665732187448e-06
k0,d90,Ralstonia,0.0
k0,d90,Reyranella,0.005868381983846254
k0,d90,Rhabdothermincola,0.0010362680611752811
k0,d90,Rhizobium_A_501058,0.00039650703661646224
k0,d90,Rhodanobacter_612715,0.0011037268802458519
k0,d90,Rhodococcus_C_375578,3.771023455765895e-05
k0,d90,Rhodomicrobium,0.00035437959115556714
k0,d90,Rhodopila_506777,0.0011950899334512816
k0,d90,Rickettsia,6.815238874122537e-05
k0,d90,Roseiarcus,0.004191806686170887
k0,d90,Roseococcus,0.0
k0,d90,Rubrimentiphilum,0.002800334417983644
k0,d90,Rudaea,0.008617032080112738
k0,d90,Rugosimonospora_371197,0.0006505913959427682
k0,d90,Ruminiclostridium,0.0
k0,d90,SBAT01,0.0005786397574167632
k0,d90,SCGC-AG-212-F23,0.0001336518488890495
k0,d90,SCGC-AG-212-J23,0.001349594778884142
k0,d90,SCN-69-37,0.0015208956961682222
k0,d90,SCTI01,2.2717462913741793e-05
k0,d90,SCTM01,0.0001217700488665375
k0,d90,SHUM01,0.0006527486957429697
k0,d90,SHUY01,0.00340026163457479
k0,d90,SHUZ01,0.0005214232156268637
k0,d90,SHXO01,0.0009107286295391425
k0,d90,SHZZ01,0.00046125705243828355
k0,d90,SIO2C1,2.2717462913741793e-05
k0,d90,SIRW01,0.00013178738251911858
k0,d90,SLQV01,0.0011608172303354857
k0,d90,SURF-43,0.0
k0,d90,SYSU-D60014,0.00010222858311183807
k0,d90,Saccharimonas,0.0008016885769489441
k0,d90,Sandaracinus,0.0
k0,d90,Schlesneria,0.0
k0,d90,Silanimonas_613110,0.0007342206069960843
k0,d90,Silvibacterium,0.0003529717356813684
k0,d90,Silvimonas,0.0
k0,d90,Singulisphaera,0.0005046271437756442
k0,d90,Solibacter,0.031196149996839933
k0,d90,Solirubrobacter,0.0007279765154881131
k0,d90,SpSt-583,0.000720544657648559
k0,d90,Sphingomicrobium_483265,0.0
k0,d90,Spirillospora_393771,0.0016260050157660948
k0,d90,Sporocytophaga,2.392880964275721e-05
k0,d90,Stella,0.0038003988520032895
k0,d90,Stenotrophomonas_A_615274,0.0
k0,d90,Streptacidiphilus_A_400617,0.007851262015639175
k0,d90,Streptomyces_G_399870,0.0024498904143058766
k0,d90,Sulfotelmatobacter,0.00973200108801929
k0,d90,Sulfuricaulis,4.53699002898464e-05
k0,d90,Tardiphaga,0.0
k0,d90,Tautonia,0.0
k0,d90,Telmatobacter,0.005672513566793645
k0,d90,Tepidiforma,2.297899719656234e-05
k0,d90,Terrabacter,0.0
k0,d90,Terracidiphilus_417212,0.0011729306976256397
k0,d90,Terracidiphilus_417258,0.0007048583163339872
k0,d90,Trebonia,0.008893303577807784
k0,d90,Tundrisphaera,0.0004025637702615393
k0,d90,Tyrphobacter,0.0007062661718081858
k0,d90,UBA10511,0.0027701783735907958
k0,d90,UBA11358,0.0
k0,d90,UBA11361,0.0012917862836159557
k0,d90,UBA11740,0.002572505237073039
k0,d90,UBA12499,0.0029468540329743247
k0,d90,UBA2421,0.006764070109983529
k0,d90,UBA2475,4.5434925827483585e-05
k0,d90,UBA3254,0.00019535591862710283
k0,d90,UBA3939,0.0
k0,d90,UBA4142,0.00036887916124902164
k0,d90,UBA4664,0.000902937480599409
k0,d90,UBA4720,0.0006599503184471534
k0,d90,UBA4722,0.00021447064050124853
k0,d90,UBA5216,0.0007332447869097198
k0,d90,UBA7657,0.00019444126470336681
k0,d90,UBA7692,4.595799439312468e-05
k0,d90,UBA8199,0.0
k0,d90,UBA8260,0.0
k0,d90,UBA920,0.00018278584044121652
k0,d90,UBA923,0.0
k0,d90,UBA9339,0.0
k0,d90,UBA953,0.0
k0,d90,UBA966,0.0
k0,d90,UKL13-3,0.0
k0,d90,URHD0088,0.0010160031587347486
k0,d90,UTBCD1,0.00011489498598281171
k0,d90,UTPRO1,0.0006945495813834072
k0,d90,Udaeobacter,0.0022747333774712037
k0,d90,Uliginosibacterium_596785,0.00011807098314185406
k0,d90,Unclassified,0.2518496004211294
k0,d90,Urbifossiella,0.00027496336351028646
k0,d90,Usitatibacter,0.010769220951861697
k0,d90,VAYN01,0.002170701057130257
k0,d90,VAZQ01,0.004338679305644001
k0,d90,VBAR01,0.00014494555480828322
k0,d90,VBCG01,0.020900708564911306
k0,d90,VBDM01,0.003590284256242649
k0,d90,VFJN01,3.407619437061269e-05
k0,d90,Variibacter,0.005274090048526913
k0,d90,Variovorax,0.00010723532025062426
k0,d90,Vermiphilus,0.00012196655761172088
k0,d90,Vicinamibacter,0.0005743525975888016
k0,d90,WHSN01,0.019367704692960213
k0,d90,WHTK01,0.0001793184419841753
k0,d90,WQYP01,0.0013954212900697206
k0,d90,WRKR01,0.0
k0,d90,WS-7,0.00014102011332323806
k0,d90,WYBL01,0.0
k0,d90,WYBT01,0.0
k0,d90,Williamsia_B,0.00013676282051045465
k0,d90,Z2-YC6860,0.0013444565585378097
k0,d90,Zavarzinella,7.54204691153179e-05
k0,d90,Zemynaea,0.00010517434513551
k25,d180,2-01-FULL-59-12,0.0005089117818086841
k25,d180,2-01-FULL-63-20,0.0
k25,d180,2-12-FULL-35-15,0.0
k25,d180,2011-GWC2-44-17,0.0
k25,d180,2013-40CM-41-45,0.0
k25,d180,40CM-4-65-16,0.00036251006328607703
k25,d180,40CM-4-68-19,0.0
k25,d180,AC-14,0.000397951681778626
k25,d180,AC-51,0.0014054519311186792
k25,d180,AC-64,3.905716015388521e-05
k25,d180,AG11,0.010364335910377
k25,d180,AG41,0.0
k25,d180,AV80,0.000455774679735105
k25,d180,AWTP1-13,0.0
k25,d180,Abditibacterium,0.0
k25,d180,Acerihabitans,0.0032727409254869593
k25,d180,Achromobacter,0.0
k25,d180,Acidicapsa,0.0004783050561161365
k25,d180,Acidiferrimicrobium,0.0005646780735737131
k25,d180,Acidisarcina,0.0
k25,d180,Acidisoma,0.00012584552461853074
k25,d180,Acidobacterium_A_417822,9.004712138546051e-05
k25,d180,Acidocella,3.1461381154632686e-05
k25,d180,Acidoferrum,0.010492809146149798
k25,d180,Acidothermus,8.155542506687544e-05
k25,d180,Actinoallomurus,0.0011034432282738373
k25,d180,Actinocrinis,0.0
k25,d180,Actinomarinicola,0.0
k25,d180,Actinoplanes,0.0002310842040024963
k25,d180,Actinospica_394695,0.00012932789123488322
k25,d180,Actinospica_394702,4.719207173194903e-05
k25,d180,Adhaeribacter,0.0
k25,d180,Aetherobacter,0.0002516910492370615
k25,d180,Afipia,0.0014010323853257468
k25,d180,Aliidongia,9.764290038471302e-05
k25,d180,Aliterella,0.0
k25,d180,Alteraurantiacibacter,0.0
k25,d180,Amycolatopsis_D_380830,1.5730690577316343e-05
k25,d180,Anammoximicrobium,0.0
k25,d180,Aquicella_A,0.0
k25,d180,Aquihabitans,0.00016986136314415973
k25,d180,Aquisphaera,0.0010834753397418787
k25,d180,Arenimicrobium,1.9528580076942606e-05
k25,d180,Arenimonas_613591,0.0008000073864669107
k25,d180,Armatimonas,0.0
k25,d180,Asanoa,1.9528580076942606e-05
k25,d180,Aurantisolimonas,0.0
k25,d180,Babela,0.0
k25,d180,Bacillus_A,0.00013839998198952703
k25,d180,Bacillus_BD,0.0007842354340323468
k25,d180,Baekduia,0.000179421935147126
k25,d180,Bauldia,0.0
k25,d180,Berkiella_A,0.0
k25,d180,Binatus,0.0009566926359467679
k25,d180,Bog-1198,0.0006596013496164224
k25,d180,Bog-209,0.004083445711381007
k25,d180,Bog-257,0.0013028916142194698
k25,d180,Bog-515,0.0027032944323158517
k25,d180,Bog-532,0.0026425188108485896
k25,d180,Bog-756,0.0004451850153678225
k25,d180,Bradyrhizobium,0.011457769640079843
k25,d180,Brevundimonas,0.00022027092993967624
k25,d180,C7867-002,0.0
k25,d180,CACGMS01,6.524434005350036e-05
k25,d180,CADDYX01,0.00033632288338646186
k25,d180,CADDZI01,0.00044782211599533124
k25,d180,CF-113,0.0010281483564318658
k25,d180,CF-13,0.0
k25,d180,CF-154,0.002205194446032805
k25,d180,CF-39,0.0
k25,d180,CSBr16-57R1,0.0
k25,d180,Caballeronia,0.007000747563337265
k25,d180,Capsulimonas,1.9528580076942606e-05
k25,d180,Casp-actino8,0.0006692538348071251
k25,d180,Catellatospora,0.0002534734944024852
k25,d180,Catenulispora,6.292276230926537e-05
k25,d180,Caulobacter_487784,0.0
k25,d180,Chloroflexus,0.0007322178589736378
k25,d180,Chondromyces,0.00025257757708315267
k25,d180,Chryseolinea,4.719207173194903e-05
k25,d180,Chthonomonas,0.0
k25,d180,Clostridium_AD,0.00038141698706971344
k25,d180,Clostridium_AM,1.9528580076942606e-05
k25,d180,Collimonas,0.0006021351364004647
k25,d180,Conexibacter,0.0
k25,d180,Cupriavidus,0.0001661047355017809
k25,d180,Cutibacterium,0.0001856333155787235
k25,d180,Cytophaga,0.0
k25,d180,DP-6,0.00030504385007011924
k25,d180,DSOM01,0.0
k25,d180,DSPE01,0.00025343223254523773
k25,d180,DSQF01,0.0
k25,d180,DSVQ01,0.0
k25,d180,DSXL01,0.00010577781196277685
k25,d180,DTIX01,0.00041050613914962226
k25,d180,Dactylosporangium,9.670572120813307e-05
k25,d180,Demequina,0.0
k25,d180,Desulfitobacterium_A,0.0
k25,d180,Desulfosporosinus,9.93428218356418e-05
k25,d180,Devosia_A_501803,1.5730690577316343e-05
k25,d180,Dictyobacter,0.002054696615536598
k25,d180,Dokdonella_A,0.0002974480710708667
k25,d180,Dongia_507332,0.0004938946607124103
k25,d180,Dongia_507335,0.0003124572812310817
k25,d180,Dyella_B,0.013252982004559636
k25,d180,ELB16-189,0.0012161032497548243
k25,d180,ER46,0.00018876828692779613
k25,d180,EW11,0.0
k25,d180,Edaphobacter_415416,0.007023553679281505
k25,d180,Elarobacter,0.0007155087273624941
k25,d180,F0540,0.0
k25,d180,F1-20-MAGs016,0.0
k25,d180,F1-60-MAGs149,0.0
k25,d180,F1-60-MAGs163,0.007218787350183261
k25,d180,FW602-bin16,0.0
k25,d180,Fen-1137,7.811432030777042e-05
k25,d180,Fen-178,6.524434005350036e-05
k25,d180,Fen-455,6.466394561744161e-05
k25,d180,Ferruginibacter,0.0
k25,d180,Filimonas,0.0
k25,d180,Fimbriiglobus,0.0001112756229133319
k25,d180,Flavipsychrobacter_928614,0.0
k25,d180,Flavobacterium,0.0006730517243067513
k25,d180,Foetidibacter,0.0
k25,d180,Frankia,0.0018274023900976691
k25,d180,GAS188,7.923384732264047e-05
k25,d180,GMQP-bins7,0.0014328411617476593
k25,d180,GWA1-52-35,0.0005256303028930693
k25,d180,GWA2-37-10,0.00015622864061554085
k25,d180,GWA2-66-18,0.00011681469572113439
k25,d180,GWC2-73-18,0.01171205232111539
k25,d180,Gaiella,0.002728320823343349
k25,d180,Gallalistipes,0.0
k25,d180,Gemmata,0.0
k25,d180,Gemmatimonas,9.004712138546051e-05
k25,d180,Geomonas,0.0
k25,d180,Geotalea,0.0
k25,d180,Geothrix,0.0
k25,d180,Ginsengibacter,0.0002459189772604801
k25,d180,Gp1-AA112,0.0
k25,d180,Gp1-AA122,0.001514141104734991
k25,d180,Gp1-AA133,0.00046847022308714394
k25,d180,Gp1-AA17,0.0008127948430066858
k25,d180,Gp13-AA74,0.0
k25,d180,Gp6-AA45,9.61253267720743e-05
k25,d180,Gp7-AA6,0.006677123180377207
k25,d180,Granulicella_A_416163,0.00014014116529770327
k25,d180,Granulicella_A_416614,0.0
k25,d180,Granulicella_C_413841,0.00029292870115413906
k25,d180,HRBIN30,0.0
k25,d180,HRBIN33,6.292276230926537e-05
k25,d180,Haliangium_463188,0.0008635199326854763
k25,d180,Hamadaea,0.0
k25,d180,Hypericibacter,0.00018443126484935857
k25,d180,Hyphomicrobium_A,0.00313718560330859
k25,d180,Ideonella_A_591966,0.0004766463965224552
k25,d180,Ilumatobacter_A,0.0007114872281673303
k25,d180,JAABRT01,0.0007799490632843983
k25,d180,JAAUSQ01,0.0
k25,d180,JAAUUD01,0.0
k25,d180,JAAYDF01,0.0
k25,d180,JAAYUB01,3.2041775590691437e-05
k25,d180,JAAYUY01,0.0
k25,d180,JAAZOP01,0.0
k25,d180,JABFSC01,0.0
k25,d180,JABFSM01,0.0005738499884521521
k25,d180,JACRCG01,5.215075010369278e-05
k25,d180,JC017,0.00014917199419509962
k25,d180,Jatrophihabitans_372606,0.0007111304434268091
k25,d180,KBS-83,0.00023072741926197506
k25,d180,KBS-96,0.0
k25,d180,Kineosporia,0.0
k25,d180,Koribacter,0.0
k25,d180,Kouleothrix,0.0
k25,d180,Ktedonobacter,7.98142417586992e-05
k25,d180,Ktedonosporobacter,3.262217002675018e-05
k25,d180,Kutzneria,0.0
k25,d180,LMUY01,0.0012077034666239754
k25,d180,Labrys_504686,1.631108501337509e-05
k25,d180,Lacipirellula,0.0
k25,d180,Lacunisphaera_756265,0.0
k25,d180,Lacunisphaera_756365,8.155542506687544e-05
k25,d180,Lentzea,6.292276230926537e-05
k25,d180,Longimicrobium,0.0
k25,d180,Luteibacter,0.0141665942739804
k25,d180,MB-PLM-2,0.0008614632264940261
k25,d180,MT45,0.0
k25,d180,Marmoricola_A_392027,0.0002103029218656999
k25,d180,Massilia,0.0005156622948190929
k25,d180,Methylocella,0.0
k25,d180,Microcoleus,0.0
k25,d180,Micromonospora_H_372070,0.00018997033765716107
k25,d180,Modestobacter,0.0
k25,d180,Mucilaginibacter_A,0.00025575381028947273
k25,d180,Mycobacterium,0.009627619685860216
k25,d180,Nakamurella,0.0
k25,d180,Nemorincola,0.0
k25,d180,Neobacillus,0.0016566705496193065
k25,d180,Nevskia_608436,0.014897494207588992
k25,d180,Niastella,0.0
k25,d180,Nibricoccus,0.0
k25,d180,Nitrosospira,0.0
k25,d180,Nocardia,0.00016436355219360467
k25,d180,Nocardioides_A_392796,0.000690258726639459
k25,d180,Novosphingobium_485350,0.0
k25,d180,O2-12-FULL-42-9,3.905716015388521e-05
k25,d180,OLB11,0.0
k25,d180,OLB17_426821,0.0004993512098057179
k25,d180,OLB17_427637,0.0
k25,d180,OLB9,0.0
k25,d180,Obscuribacter,0.0
k25,d180,Ohtaekwangia,0.0
k25,d180,PALSA-1081,0.0
k25,d180,PMMR1,0.0006062898106406121
k25,d180,PSRF01,0.0006497252547301825
k25,d180,Paenibacillus_AC,0.0
k25,d180,Paenibacillus_E,0.00013670006053859824
k25,d180,Paenibacillus_J_366884,0.0
k25,d180,Paenibacillus_O,0.0
k25,d180,Palsa-1150,0.00042364099095667726
k25,d180,Palsa-1233,0.0019678909506626522
k25,d180,Palsa-1315,7.109893574457664e-05
k25,d180,Palsa-1447,0.0
k25,d180,Palsa-187,0.0027848990301760335
k25,d180,Palsa-189,0.008307141801656754
k25,d180,Palsa-295,0.006064498203733257
k25,d180,Palsa-513,0.0006301966746532398
k25,d180,Palsa-739,0.0473721174116327
k25,d180,Palsa-851,0.00037212128661953214
k25,d180,Palsa-89,0.0
k25,d180,Pan216,0.0
k25,d180,Paraburkholderia_580243,0.5072925686267445
k25,d180,Parafilimonas,9.384501088508677e-05
k25,d180,Paraflavitalea,0.0
k25,d180,Pedosphaera,0.0
k25,d180,Pelosinus,0.0
k25,d180,Peribacillus_301373,0.0003359248367886932
k25,d180,Phaselicystis,0.0
k25,d180,Phenylobacterium,0.0015510004727163837
k25,d180,Pirellula_B_754535,0.0
k25,d180,Piscinibacter,0.0005011336549711415
k25,d180,Polyangium,0.0
k25,d180,Posidoniimonas,9.764290038471302e-05
k25,d180,Pseudolabrys_502496,0.0008044363217330846
k25,d180,Pseudolabrys_502538,0.0019304099263879534
k25,d180,Pseudomonas_E_647464,0.0004866969283109264
k25,d180,Pseudonocardia,0.0002310842040024963
k25,d180,Pseudorhodoplanes,0.0
k25,d180,Pseudoxanthomonas_A_615337,0.0
k25,d180,Puia,0.0006033878384603185
k25,d180,QHVH01,0.000837597624338646
k25,d180,QHYU01,0.001186392441381609
k25,d180,QQVM01,0.0001112756229133319
k25,d180,QUBU01,1.5730690577316343e-05
k25,d180,RBC038,0.0
k25,d180,RBG-16-71-46,0.0002898935539288616
k25,d180,REDI01,0.0
k25,d180,RGZZ01,0.0
k25,d180,RHKY01,6.292276230926537e-05
k25,d180,RSA9,0.00014335866036127077
k25,d180,Ralstonia,0.0008704434040609337
k25,d180,Reyranella,0.001000708474472397
k25,d180,Rhabdothermincola,0.0014710530559127008
k25,d180,Rhizobium_A_501058,9.384501088508677e-05
k25,d180,Rhodanobacter_612715,0.0002726452897389066
k25,d180,Rhodococcus_C_375578,0.0003723448963150696
k25,d180,Rhodomicrobium,8.682962632189298e-05
k25,d180,Rhodopila_506777,0.0017666267686304077
k25,d180,Rickettsia,0.0
k25,d180,Roseiarcus,0.0011099780425247677
k25,d180,Roseococcus,0.0
k25,d180,Rubrimentiphilum,0.0011321849850864664
k25,d180,Rudaea,0.002497541274213703
k25,d180,Rugosimonospora_371197,0.0002024835331709099
k25,d180,Ruminiclostridium,0.0
k25,d180,SBAT01,0.0005282167521900892
k25,d180,SCGC-AG-212-F23,0.0
k25,d180,SCGC-AG-212-J23,0.00040197318097378974
k25,d180,SCN-69-37,0.0004408067314321375
k25,d180,SCTI01,0.00024382100921178265
k25,d180,SCTM01,3.262217002675018e-05
k25,d180,SHUM01,0.0001415762151958471
k25,d180,SHUY01,0.005462353677859549
k25,d180,SHUZ01,0.0005862220979848584
k25,d180,SHXO01,0.0
k25,d180,SHZZ01,0.0003149199449563593
k25,d180,SIO2C1,0.0
k25,d180,SIRW01,0.0024479053177029588
k25,d180,SLQV01,0.00030848495482922424
k25,d180,SURF-43,3.262217002675018e-05
k25,d180,SYSU-D60014,0.0
k25,d180,Saccharimonas,0.00015966974537464585
k25,d180,Sandaracinus,6.524434005350036e-05
k25,d180,Schlesneria,3.262217002675018e-05
k25,d180,Silanimonas_613110,0.00011301680622150814
k25,d180,Silvibacterium,0.00015730690577316344
k25,d180,Silvimonas,0.0
k25,d180,Singulisphaera,0.00030062430427718677
k25,d180,Solibacter,0.00027505878067087783
k25,d180,Solirubrobacter,0.0002440858807645676
k25,d180,SpSt-583,1.631108501337509e-05
k25,d180,Sphingomicrobium_483265,0.0
k25,d180,Spirillospora_393771,0.0018279827845337278
k25,d180,Sporocytophaga,0.0
k25,d180,Stella,8.624923188583424e-05
k25,d180,Stenotrophomonas_A_615274,0.0
k25,d180,Streptacidiphilus_A_400617,0.0007782078799762219
k25,d180,Streptomyces_G_399870,0.0005249992571265217
k25,d180,Sulfotelmatobacter,0.00044344383205964624
k25,d180,Sulfuricaulis,0.0
k25,d180,Tardiphaga,0.0
k25,d180,Tautonia,0.0
k25,d180,Telmatobacter,0.0
k25,d180,Tepidiforma,0.0
k25,d180,Terrabacter,0.0
k25,d180,Terracidiphilus_417212,0.0
k25,d180,Terracidiphilus_417258,0.0019333212880414884
k25,d180,Trebonia,0.0010223444120712785
k25,d180,Tundrisphaera,7.811432030777042e-05
k25,d180,Tyrphobacter,0.0007152851176669565
k25,d180,UBA10511,0.00013460209248990077
k25,d180,UBA11358,0.0
k25,d180,UBA11361,0.001394456309217569
k25,d180,UBA11740,8.624923188583424e-05
k25,d180,UBA12499,0.0007403527705517017
k25,d180,UBA2421,0.000972738849407358
k25,d180,UBA2475,0.0
k25,d180,UBA3254,0.0
k25,d180,UBA3939,0.0
k25,d180,UBA4142,1.631108501337509e-05
k25,d180,UBA4664,0.0008381780187747047
k25,d180,UBA4720,0.0008082342112327107
k25,d180,UBA4722,0.0
k25,d180,UBA5216,3.262217002675018e-05
k25,d180,UBA7657,0.0
k25,d180,UBA7692,0.0
k25,d180,UBA8199,0.0
k25,d180,UBA8260,0.0
k25,d180,UBA920,0.0
k25,d180,UBA923,4.893325504012527e-05
k25,d180,UBA9339,0.0
k25,d180,UBA953,0.0
k25,d180,UBA966,0.0
k25,d180,UKL13-3,0.0
k25,d180,URHD0088,0.0001759395685307735
k25,d180,UTBCD1,0.0
k25,d180,UTPRO1,3.905716015388521e-05
k25,d180,Udaeobacter,0.0014584985985417046
k25,d180,Uliginosibacterium_596785,0.0
k25,d180,Unclassified,0.15957603128289335
k25,d180,Urbifossiella,0.0003597904389440734
k25,d180,Usitatibacter,0.003980842654087367
k25,d180,VAYN01,0.002362185828922695
k25,d180,VAZQ01,0.001090267114609535
k25,d180,VBAR01,0.00024154069332479509
k25,d180,VBCG01,0.005505340424020862
k25,d180,VBDM01,0.00017683548585010607
k25,d180,VFJN01,0.00022956663038985756
k25,d180,Variibacter,0.006213944458954381
k25,d180,Variovorax,0.00013460209248990077
k25,d180,Vermiphilus,3.1461381154632686e-05
k25,d180,Vicinamibacter,0.0
k25,d180,WHSN01,0.004242552362728895
k25,d180,WHTK01,4.719207173194903e-05
k25,d180,WQYP01,0.00020306392760696866
k25,d180,WRKR01,0.0
k25,d180,WS-7,0.00013723919311740956
k25,d180,WYBL01,5.858574023082782e-05
k25,d180,WYBT01,0.0
k25,d180,Williamsia_B,0.00018791363146571105
k25,d180,Z2-YC6860,0.00039567136589163844
k25,d180,Zavarzinella,0.00012584552461853074
k25,d180,Zemynaea,0.00011945179634864318
k25,d3,2-01-FULL-59-12,0.00236644947197682
k25,d3,2-01-FULL-63-20,0.0
k25,d3,2-12-FULL-35-15,0.00032756008680342297
k25,d3,2011-GWC2-44-17,7.313951362223442e-05
k25,d3,2013-40CM-41-45,0.0
k25,d3,40CM-4-65-16,0.0004003287664838835
k25,d3,40CM-4-68-19,0.0
k25,d3,AC-14,0.0013573444692109693
k25,d3,AC-51,0.001003532858171682
k25,d3,AC-64,0.0009322430735976719
k25,d3,AG11,0.015283398000891603
k25,d3,AG41,0.0
k25,d3,AV80,0.0003656087387209903
k25,d3,AWTP1-13,0.0
k25,d3,Abditibacterium,0.0
k25,d3,Acerihabitans,0.0
k25,d3,Achromobacter,0.0
k25,d3,Acidicapsa,3.530699431557391e-05
k25,d3,Acidiferrimicrobium,0.0013054283872919222
k25,d3,Acidisarcina,7.061398863114782e-05
k25,d3,Acidisoma,0.00045039511935470665
k25,d3,Acidobacterium_A_417822,0.0
k25,d3,Acidocella,0.0
k25,d3,Acidoferrum,0.05455122531807478
k25,d3,Acidothermus,7.061398863114782e-05
k25,d3,Actinoallomurus,0.005151686527089221
k25,d3,Actinocrinis,0.0
k25,d3,Actinomarinicola,0.0
k25,d3,Actinoplanes,0.0017560396392575356
k25,d3,Actinospica_394695,0.0006769305718627139
k25,d3,Actinospica_394702,0.0005319143071137885
k25,d3,Adhaeribacter,0.0
k25,d3,Aetherobacter,0.0006453230356435882
k25,d3,Afipia,0.0
k25,d3,Aliidongia,0.0008269978865938126
k25,d3,Aliterella,7.313951362223442e-05
k25,d3,Alteraurantiacibacter,0.0
k25,d3,Amycolatopsis_D_380830,0.0005224880030923046
k25,d3,Anammoximicrobium,0.00014627902724446883
k25,d3,Aquicella_A,0.0
k25,d3,Aquihabitans,0.000375622009295155
k25,d3,Aquisphaera,0.012327306905227375
k25,d3,Arenimicrobium,0.0
k25,d3,Arenimonas_613591,0.0015378838608863755
k25,d3,Armatimonas,0.0
k25,d3,Asanoa,0.0008306973446902607
k25,d3,Aurantisolimonas,8.189002170085574e-05
k25,d3,Babela,0.0
k25,d3,Bacillus_A,3.530699431557391e-05
k25,d3,Bacillus_BD,0.00028223982191368446
k25,d3,Baekduia,0.0023835566967427926
k25,d3,Bauldia,0.0005384442522024117
k25,d3,Berkiella_A,0.0
k25,d3,Binatus,0.0020454852022027056
k25,d3,Bog-1198,0.009620128669838012
k25,d3,Bog-209,0.009805437106943999
k25,d3,Bog-257,0.004791908980064495
k25,d3,Bog-515,0.003734483007704816
k25,d3,Bog-532,0.014760693865188393
k25,d3,Bog-756,0.0010759965758510542
k25,d3,Bradyrhizobium,0.031177658056765995
k25,d3,Brevundimonas,0.0002862442420112212
k25,d3,C7867-002,0.0
k25,d3,CACGMS01,0.0
k25,d3,CADDYX01,0.00026036355171713113
k25,d3,CADDZI01,0.000445649031373622
k25,d3,CF-113,0.0008788480965721745
k25,d3,CF-13,0.0
k25,d3,CF-154,0.0035727458685127396
k25,d3,CF-39,0.0
k25,d3,CSBr16-57R1,4.094501085042787e-05
k25,d3,Caballeronia,0.0018280052197744083
k25,d3,Capsulimonas,0.0
k25,d3,Casp-actino8,0.0016998141752398628
k25,d3,Catellatospora,0.0033606218980677034
k25,d3,Catenulispora,0.001999273008759198
k25,d3,Caulobacter_487784,0.0001765349715778696
k25,d3,Chloroflexus,0.000896936079282098
k25,d3,Chondromyces,0.0002118419658934435
k25,d3,Chryseolinea,0.0002400320485677133
k25,d3,Chthonomonas,0.00024714896020901737
k25,d3,Clostridium_AD,0.0005728593179642164
k25,d3,Clostridium_AM,0.0
k25,d3,Collimonas,0.0006355258976803304
k25,d3,Conexibacter,0.0
k25,d3,Cupriavidus,0.0
k25,d3,Cutibacterium,0.0
k25,d3,Cytophaga,0.0
k25,d3,DP-6,0.0008316551451847155
k25,d3,DSOM01,0.0
k25,d3,DSPE01,0.002695488453886693
k25,d3,DSQF01,0.0
k25,d3,DSVQ01,0.0
k25,d3,DSXL01,0.00046946386000858116
k25,d3,DTIX01,0.000653115743227755
k25,d3,Dactylosporangium,0.0004607133519299598
k25,d3,Demequina,0.0
k25,d3,Desulfitobacterium_A,0.0
k25,d3,Desulfosporosinus,7.061398863114782e-05
k25,d3,Devosia_A_501803,0.00016378004340171149
k25,d3,Dictyobacter,0.0011907568962665788
k25,d3,Dokdonella_A,0.0017764370143476388
k25,d3,Dongia_507332,0.0
k25,d3,Dongia_507335,0.00018284878405558605
k25,d3,Dyella_B,0.0
k25,d3,ELB16-189,0.007811605939150441
k25,d3,ER46,0.0016524280486909938
k25,d3,EW11,0.0005419275776879531
k25,d3,Edaphobacter_415416,0.010117975787682273
k25,d3,Elarobacter,0.0007366393613659278
k25,d3,F0540,0.0
k25,d3,F1-20-MAGs016,7.061398863114782e-05
k25,d3,F1-60-MAGs149,0.0006037910582404796
k25,d3,F1-60-MAGs163,0.00894008560643153
k25,d3,FW602-bin16,8.189002170085574e-05
k25,d3,Fen-1137,0.0
k25,d3,Fen-178,0.0030727440596191656
k25,d3,Fen-455,0.0006813058259020247
k25,d3,Ferruginibacter,0.0004913401302051345
k25,d3,Filimonas,0.00014627902724446883
k25,d3,Fimbriiglobus,0.0003215512363267951
k25,d3,Flavipsychrobacter_928614,0.0
k25,d3,Flavobacterium,0.0031027838713416594
k25,d3,Foetidibacter,0.0
k25,d3,Frankia,0.0035817354666517645
k25,d3,GAS188,0.0006612792847536953
k25,d3,GMQP-bins7,0.002612706503632068
k25,d3,GWA1-52-35,0.0006418397101580469
k25,d3,GWA2-37-10,0.0010828973548814515
k25,d3,GWA2-66-18,3.656975681111721e-05
k25,d3,GWC2-73-18,0.015572383900504819
k25,d3,Gaiella,0.004470291871797014
k25,d3,Gallalistipes,0.0
k25,d3,Gemmata,0.0008612582510247502
k25,d3,Gemmatimonas,0.0
k25,d3,Geomonas,0.0
k25,d3,Geotalea,0.0
k25,d3,Geothrix,0.0
k25,d3,Ginsengibacter,0.0009884685376153445
k25,d3,Gp1-AA112,0.0
k25,d3,Gp1-AA122,0.014005224853228993
k25,d3,Gp1-AA133,0.0019167071911154795
k25,d3,Gp1-AA17,0.0069567458893329435
k25,d3,Gp13-AA74,0.0
k25,d3,Gp6-AA45,0.0007362685274241538
k25,d3,Gp7-AA6,0.007014017983235252
k25,d3,Granulicella_A_416163,0.0009535323772415444
k25,d3,Granulicella_A_416614,8.189002170085574e-05
k25,d3,Granulicella_C_413841,0.0
k25,d3,HRBIN30,0.0009372941235798451
k25,d3,HRBIN33,4.094501085042787e-05
k25,d3,Haliangium_463188,0.0020264164615488313
k25,d3,Hamadaea,0.0
k25,d3,Hypericibacter,0.002851104955762464
k25,d3,Hyphomicrobium_A,0.0019773079091724628
k25,d3,Ideonella_A_591966,0.0026323622108386235
k25,d3,Ilumatobacter_A,0.0032146248753748274
k25,d3,JAABRT01,0.0008634788140147483
k25,d3,JAAUSQ01,0.00041539308704022123
k25,d3,JAAUUD01,0.00029373198759429924
k25,d3,JAAYDF01,0.0
k25,d3,JAAYUB01,7.62520051660018e-05
k25,d3,JAAYUY01,0.0
k25,d3,JAAZOP01,0.0
k25,d3,JABFSC01,0.00011845977851197296
k25,d3,JABFSM01,0.0001525040103320036
k25,d3,JACRCG01,4.094501085042787e-05
k25,d3,JC017,0.00012283503255128362
k25,d3,Jatrophihabitans_372606,0.001718207119950875
k25,d3,KBS-83,0.00028809397105944526
k25,d3,KBS-96,0.0
k25,d3,Kineosporia,0.0
k25,d3,Koribacter,0.0
k25,d3,Kouleothrix,0.0
k25,d3,Ktedonobacter,0.0010684200008777944
k25,d3,Ktedonosporobacter,7.313951362223442e-05
k25,d3,Kutzneria,0.0003643459762254471
k25,d3,LMUY01,0.0
k25,d3,Labrys_504686,0.0003291278113000549
k25,d3,Lacipirellula,0.0
k25,d3,Lacunisphaera_756265,0.0
k25,d3,Lacunisphaera_756365,0.001987170919076406
k25,d3,Lentzea,0.0002862442420112212
k25,d3,Longimicrobium,0.0
k25,d3,Luteibacter,0.001219838907494618
k25,d3,MB-PLM-2,0.0008216418746105509
k25,d3,MT45,0.0010922348295127535
k25,d3,Marmoricola_A_392027,0.002904372629567236
k25,d3,Massilia,0.0
k25,d3,Methylocella,0.00010718374544226504
k25,d3,Microcoleus,0.0
k25,d3,Micromonospora_H_372070,0.000988163575614256
k25,d3,Modestobacter,0.0005175257825003132
k25,d3,Mucilaginibacter_A,0.009528291249503676
k25,d3,Mycobacterium,0.014170958971450159
k25,d3,Nakamurella,0.0011566238350563666
k25,d3,Nemorincola,0.0007384890904141519
k25,d3,Neobacillus,0.0
k25,d3,Nevskia_608436,7.313951362223442e-05
k25,d3,Niastella,0.0004109290036107289
k25,d3,Nibricoccus,0.0
k25,d3,Nitrosospira,0.0
k25,d3,Nocardia,0.0
k25,d3,Nocardioides_A_392796,0.005177953567706132
k25,d3,Novosphingobium_485350,0.0
k25,d3,O2-12-FULL-42-9,0.0
k25,d3,OLB11,0.0
k25,d3,OLB17_426821,0.0022773537092444784
k25,d3,OLB17_427637,0.0007257341622379938
k25,d3,OLB9,0.0
k25,d3,Obscuribacter,0.0
k25,d3,Ohtaekwangia,7.187675112669112e-05
k25,d3,PALSA-1081,0.00024714896020901737
k25,d3,PMMR1,0.00010592098294672175
k25,d3,PSRF01,0.0019117449705234881
k25,d3,Paenibacillus_AC,0.0
k25,d3,Paenibacillus_E,7.061398863114782e-05
k25,d3,Paenibacillus_J_366884,0.0
k25,d3,Paenibacillus_O,0.0
k25,d3,Palsa-1150,0.004690297379216398
k25,d3,Palsa-1233,0.0012532073433717862
k25,d3,Palsa-1315,0.0004090792745625048
k25,d3,Palsa-1447,0.0004022673249222893
k25,d3,Palsa-187,0.025236508641456986
k25,d3,Palsa-189,0.00857447686771054
k25,d3,Palsa-295,0.0035419259150761546
k25,d3,Palsa-513,0.0006631290138019195
k25,d3,Palsa-739,0.03476575325079447
k25,d3,Palsa-851,0.0006128465283201895
k25,d3,Palsa-89,0.0
k25,d3,Pan216,0.0001097092704333516
k25,d3,Paraburkholderia_580243,0.002602782062448085
k25,d3,Parafilimonas,0.0013498567236278913
k25,d3,Paraflavitalea,0.0
k25,d3,Pedosphaera,0.00010592098294672175
k25,d3,Pelosinus,0.0
k25,d3,Peribacillus_301373,0.0
k25,d3,Phaselicystis,0.0
k25,d3,Phenylobacterium,0.004671599472504298
k25,d3,Pirellula_B_754535,0.00014627902724446883
k25,d3,Piscinibacter,0.005754037164053794
k25,d3,Polyangium,0.0
k25,d3,Posidoniimonas,0.00027660180537883054
k25,d3,Pseudolabrys_502496,0.0017916515955741983
k25,d3,Pseudolabrys_502538,0.00376123266910318
k25,d3,Pseudomonas_E_647464,0.0
k25,d3,Pseudonocardia,0.001063828614227577
k25,d3,Pseudorhodoplanes,0.0012026198958889677
k25,d3,Pseudoxanthomonas_A_615337,0.0
k25,d3,Puia,0.011298874114705556
k25,d3,QHVH01,0.0004684172301239447
k25,d3,QHYU01,0.0009963271171401964
k25,d3,QQVM01,0.000663804809744782
k25,d3,QUBU01,0.00023254430298463524
k25,d3,RBC038,0.0
k25,d3,RBG-16-71-46,0.000356858230642369
k25,d3,REDI01,0.0
k25,d3,RGZZ01,7.313951362223442e-05
k25,d3,RHKY01,0.00030130856256755897
k25,d3,RSA9,0.0
k25,d3,Ralstonia,0.0
k25,d3,Reyranella,0.01117742914787054
k25,d3,Rhabdothermincola,0.004023445949868535
k25,d3,Rhizobium_A_501058,0.0012075821164809592
k25,d3,Rhodanobacter_612715,0.0004759938050972045
k25,d3,Rhodococcus_C_375578,0.0
k25,d3,Rhodomicrobium,0.0002634760432608985
k25,d3,Rhodopila_506777,0.0009409935816762933
k25,d3,Rickettsia,0.0
k25,d3,Roseiarcus,0.00631007126180363
k25,d3,Roseococcus,0.0
k25,d3,Rubrimentiphilum,0.0014354691608746914
k25,d3,Rudaea,0.008605667655088899
k25,d3,Rugosimonospora_371197,0.000445649031373622
k25,d3,Ruminiclostridium,0.0
k25,d3,SBAT01,0.00016378004340171149
k25,d3,SCGC-AG-212-F23,0.0
k25,d3,SCGC-AG-212-J23,0.0017735406554147783
k25,d3,SCN-69-37,0.002847598672827427
k25,d3,SCTI01,0.00010592098294672175
k25,d3,SCTM01,8.189002170085574e-05
k25,d3,SHUM01,0.00029255805448893767
k25,d3,SHUY01,0.006009438495178934
k25,d3,SHUZ01,0.0017757841758542726
k25,d3,SHXO01,0.0004009157330365643
k25,d3,SHZZ01,0.000399652970541021
k25,d3,SIO2C1,0.0
k25,d3,SIRW01,0.0006494162851313067
k25,d3,SLQV01,0.00338754921824643
k25,d3,SURF-43,0.0
k25,d3,SYSU-D60014,0.0
k25,d3,Saccharimonas,0.0006006785666967121
k25,d3,Sandaracinus,0.0
k25,d3,Schlesneria,0.0
k25,d3,Silanimonas_613110,0.0004425365398298546
k25,d3,Silvibacterium,0.0
k25,d3,Silvimonas,0.0
k25,d3,Singulisphaera,0.0005515700143203438
k25,d3,Solibacter,0.015655823129913454
k25,d3,Solirubrobacter,0.0021023635047137446
k25,d3,SpSt-583,0.0008106708035419315
k25,d3,Sphingomicrobium_483265,0.0
k25,d3,Spirillospora_393771,0.0019745662515704694
k25,d3,Sporocytophaga,7.313951362223442e-05
k25,d3,Stella,0.003570614134912923
k25,d3,Stenotrophomonas_A_615274,0.0
k25,d3,Streptacidiphilus_A_400617,0.007752352372318537
k25,d3,Streptomyces_G_399870,0.0037738328959484708
k25,d3,Sulfotelmatobacter,0.004565612617616891
k25,d3,Sulfuricaulis,0.0002527869767438714
k25,d3,Tardiphaga,0.0
k25,d3,Tautonia,0.0
k25,d3,Telmatobacter,0.001849510656029188
k25,d3,Tepidiforma,0.0
k25,d3,Terrabacter,0.0
k25,d3,Terracidiphilus_417212,0.0005319143071137885
k25,d3,Terracidiphilus_417258,7.061398863114782e-05
k25,d3,Trebonia,0.007561212743516285
k25,d3,Tundrisphaera,0.0014819633588697915
k25,d3,Tyrphobacter,0.0004891195672151365
k25,d3,UBA10511,0.004069963105313132
k25,d3,UBA11358,0.00012283503255128362
k25,d3,UBA11361,0.0019517980528201467
k25,d3,UBA11740,0.0017851216504855747
k25,d3,UBA12499,0.002085754417110271
k25,d3,UBA2421,0.006275351234040737
k25,d3,UBA2475,0.0
k25,d3,UBA3254,0.00011155899948157569
k25,d3,UBA3939,0.0
k25,d3,UBA4142,0.0003781475342862415
k25,d3,UBA4664,0.0015916726293031432
k25,d3,UBA4720,0.0007212930362579978
k25,d3,UBA4722,0.0
k25,d3,UBA5216,0.0008472405603530488
k25,d3,UBA7657,3.530699431557391e-05
k25,d3,UBA7692,0.0
k25,d3,UBA8199,0.0
k25,d3,UBA8260,0.0
k25,d3,UBA920,0.0
k25,d3,UBA923,0.0
k25,d3,UBA9339,0.0
k25,d3,UBA953,0.0
k25,d3,UBA966,0.0
k25,d3,UKL13-3,0.0
k25,d3,URHD0088,0.0012000943708978813
k25,d3,UTBCD1,0.0
k25,d3,UTPRO1,0.0009631748138739351
k25,d3,Udaeobacter,0.0025305115199301237
k25,d3,Uliginosibacterium_596785,0.00022311799896315137
k25,d3,Unclassified,0.28641756637325727
k25,d3,Urbifossiella,0.001588996843641835
k25,d3,Usitatibacter,0.014534478891062519
k25,d3,VAYN01,0.00482105686323322
k25,d3,VAZQ01,0.005215222077909608
k25,d3,VBAR01,0.0010383187578752607
k25,d3,VBCG01,0.017792122080015352
k25,d3,VBDM01,0.0027721112929944692
k25,d3,VFJN01,0.0008412975818171063
k25,d3,Variibacter,0.007582718179771065
k25,d3,Variovorax,0.0010128703328029845
k25,d3,Vermiphilus,3.656975681111721e-05
k25,d3,Vicinamibacter,0.0005737512465179857
k25,d3,WHSN01,0.02304275549801177
k25,d3,WHTK01,3.530699431557391e-05
k25,d3,WQYP01,0.0013563866687165145
k25,d3,WRKR01,0.0
k25,d3,WS-7,0.0
k25,d3,WYBL01,8.189002170085574e-05
k25,d3,WYBT01,0.0
k25,d3,Williamsia_B,0.0010502431887776892
k25,d3,Z2-YC6860,0.003110271616924737
k25,d3,Zavarzinella,0.0005690710304775865
k25,d3,Zemynaea,0.0004525498104040193
k25,d360,2-01-FULL-59-12,3.672285263119239e-05
k25,d360,2-01-FULL-63-20,0.0
k25,d360,2-12-FULL-35-15,0.0
k25,d360,2011-GWC2-44-17,0.0
k25,d360,2013-40CM-41-45,0.0
k25,d360,40CM-4-65-16,0.0
k25,d360,40CM-4-68-19,0.0
k25,d360,AC-14,0.0
k25,d360,AC-51,0.0
k25,d360,AC-64,0.0
k25,d360,AG11,0.0016290646904923232
k25,d360,AG41,0.0
k25,d360,AV80,0.0001433855569898991
k25,d360,AWTP1-13,0.0
k25,d360,Abditibacterium,0.0
k25,d360,Acerihabitans,0.0037273147902396175
k25,d360,Achromobacter,0.0
k25,d360,Acidicapsa,0.00018251607215533092
k25,d360,Acidiferrimicrobium,0.00010666270435870673
k25,d360,Acidisarcina,0.0
k25,d360,Acidisoma,0.0
k25,d360,Acidobacterium_A_417822,0.0
k25,d360,Acidocella,0.0
k25,d360,Acidoferrum,0.002137482391792884
k25,d360,Acidothermus,0.0
k25,d360,Actinoallomurus,0.0
k25,d360,Actinocrinis,0.0
k25,d360,Actinomarinicola,0.0
k25,d360,Actinoplanes,7.344570526238477e-05
k25,d360,Actinospica_394695,3.4969925863757166e-05
k25,d360,Actinospica_394702,0.0
k25,d360,Adhaeribacter,0.0
k25,d360,Aetherobacter,0.0
k25,d360,Afipia,0.004572143954517358
k25,d360,Aliidongia,7.475517679599313e-05
k25,d360,Aliterella,0.0
k25,d360,Alteraurantiacibacter,0.0
k25,d360,Amycolatopsis_D_380830,0.0
k25,d360,Anammoximicrobium,0.0
k25,d360,Aquicella_A,0.0
k25,d360,Aquihabitans,0.0
k25,d360,Aquisphaera,0.0
k25,d360,Arenimicrobium,0.0
k25,d360,Arenimonas_613591,0.0006590262458931783
k25,d360,Armatimonas,0.0
k25,d360,Asanoa,0.0
k25,d360,Aurantisolimonas,0.0
k25,d360,Babela,0.00018361426315596197
k25,d360,Bacillus_A,0.0008358609766802488
k25,d360,Bacillus_BD,0.001716280741025468
k25,d360,Baekduia,0.00018361426315596197
k25,d360,Bauldia,0.0002942053821154937
k25,d360,Berkiella_A,0.0
k25,d360,Binatus,6.993985172751433e-05
k25,d360,Bog-1198,0.0002937828210495391
k25,d360,Bog-209,0.00036196974600961825
k25,d360,Bog-257,0.00028698239451277555
k25,d360,Bog-515,0.0007223978457847786
k25,d360,Bog-532,0.0004965906691623412
k25,d360,Bog-756,0.00018361426315596197
k25,d360,Bradyrhizobium,0.008062150352995574
k25,d360,Brevundimonas,0.0
k25,d360,C7867-002,0.0
k25,d360,CACGMS01,0.0
k25,d360,CADDYX01,0.0002185841890197191
k25,d360,CADDZI01,0.0
k25,d360,CF-113,0.0002937828210495391
k25,d360,CF-13,0.0
k25,d360,CF-154,0.0009005211539375853
k25,d360,CF-39,0.0
k25,d360,CSBr16-57R1,0.0
k25,d360,Caballeronia,0.0033547230127860266
k25,d360,Capsulimonas,0.0
k25,d360,Casp-actino8,3.4969925863757166e-05
k25,d360,Catellatospora,0.0
k25,d360,Catenulispora,0.0
k25,d360,Caulobacter_487784,0.0
k25,d360,Chloroflexus,0.0001049097775912715
k25,d360,Chondromyces,0.0006977341999926555
k25,d360,Chryseolinea,0.0
k25,d360,Chthonomonas,0.0
k25,d360,Clostridium_AD,0.0008673250490091356
k25,d360,Clostridium_AM,0.0
k25,d360,Collimonas,0.0
k25,d360,Conexibacter,0.0
k25,d360,Cupriavidus,7.475517679599313e-05
k25,d360,Cutibacterium,0.0
k25,d360,Cytophaga,0.0
k25,d360,DP-6,0.0
k25,d360,DSOM01,0.0
k25,d360,DSPE01,0.0
k25,d360,DSQF01,0.0
k25,d360,DSVQ01,0.0
k25,d360,DSXL01,0.0
k25,d360,DTIX01,0.00014951035359198625
k25,d360,Dactylosporangium,0.0
k25,d360,Demequina,0.0
k25,d360,Desulfitobacterium_A,0.0
k25,d360,Desulfosporosinus,0.00011147802942718551
k25,d360,Devosia_A_501803,0.0
k25,d360,Dictyobacter,0.0006891808466884566
k25,d360,Dokdonella_A,0.00025180118811604104
k25,d360,Dongia_507332,0.00025836943995195507
k25,d360,Dongia_507335,0.0
k25,d360,Dyella_B,0.0002867711139797982
k25,d360,ELB16-189,7.475517679599313e-05
k25,d360,ER46,3.4969925863757166e-05
k25,d360,EW11,0.0
k25,d360,Edaphobacter_415416,0.0008030665386498815
k25,d360,Elarobacter,0.0
k25,d360,F0540,0.0
k25,d360,F1-20-MAGs016,0.0
k25,d360,F1-60-MAGs149,0.0
k25,d360,F1-60-MAGs163,0.0031466981727066635
k25,d360,FW602-bin16,0.0
k25,d360,Fen-1137,0.0
k25,d360,Fen-178,0.0001049097775912715
k25,d360,Fen-455,0.0
k25,d360,Ferruginibacter,0.0
k25,d360,Filimonas,0.0
k25,d360,Fimbriiglobus,0.0
k25,d360,Flavipsychrobacter_928614,0.0
k25,d360,Flavobacterium,0.00021573307125165284
k25,d360,Foetidibacter,0.0
k25,d360,Frankia,0.0007344570526238479
k25,d360,GAS188,0.0
k25,d360,GMQP-bins7,0.00047059665766873755
k25,d360,GWA1-52-35,0.0002867711139797982
k25,d360,GWA2-37-10,0.0
k25,d360,GWA2-66-18,0.0
k25,d360,GWC2-73-18,0.003611102318456239
k25,d360,Gaiella,0.0007239394920192365
k25,d360,Gallalistipes,0.0
k25,d360,Gemmata,0.0
k25,d360,Gemmatimonas,0.0
k25,d360,Geomonas,0.0
k25,d360,Geotalea,0.0
k25,d360,Geothrix,0.0
k25,d360,Ginsengibacter,0.00011082329366038134
k25,d360,Gp1-AA112,0.0
k25,d360,Gp1-AA122,0.00040240973270865834
k25,d360,Gp1-AA133,0.0
k25,d360,Gp1-AA17,0.00022033711578715433
k25,d360,Gp13-AA74,0.0
k25,d360,Gp6-AA45,0.0
k25,d360,Gp7-AA6,0.001672567075492407
k25,d360,Granulicella_A_416163,0.0
k25,d360,Granulicella_A_416614,0.0
k25,d360,Granulicella_C_413841,0.0
k25,d360,HRBIN30,0.0
k25,d360,HRBIN33,0.0
k25,d360,Haliangium_463188,7.475517679599313e-05
k25,d360,Hamadaea,0.0
k25,d360,Hypericibacter,0.0
k25,d360,Hyphomicrobium_A,0.00148284890990223
k25,d360,Ideonella_A_591966,0.00022426553038797938
k25,d360,Ilumatobacter_A,0.00036372267277705344
k25,d360,JAABRT01,0.0006946509075237396
k25,d360,JAAUSQ01,0.0
k25,d360,JAAUUD01,0.0
k25,d360,JAAYDF01,0.0
k25,d360,JAAYUB01,0.0
k25,d360,JAAYUY01,0.0
k25,d360,JAAZOP01,0.0
k25,d360,JABFSC01,0.0
k25,d360,JABFSM01,0.00014689141052476955
k25,d360,JACRCG01,0.0
k25,d360,JC017,0.0
k25,d360,Jatrophihabitans_372606,0.00013987970345502866
k25,d360,KBS-83,0.0
k25,d360,KBS-96,0.0
k25,d360,Kineosporia,0.0
k25,d360,Koribacter,0.0
k25,d360,Kouleothrix,0.0
k25,d360,Ktedonobacter,0.0
k25,d360,Ktedonosporobacter,0.0
k25,d360,Kutzneria,0.0
k25,d360,LMUY01,0.0001433855569898991
k25,d360,Labrys_504686,3.7377588397996563e-05
k25,d360,Lacipirellula,7.344570526238477e-05
k25,d360,Lacunisphaera_756265,0.0
k25,d360,Lacunisphaera_756365,0.0
k25,d360,Lentzea,0.0
k25,d360,Longimicrobium,0.0
k25,d360,Luteibacter,0.013682149564295074
k25,d360,MB-PLM-2,0.000542289436163687
k25,d360,MT45,0.0
k25,d360,Marmoricola_A_392027,0.0
k25,d360,Massilia,0.00026164311878597594
k25,d360,Methylocella,0.0
k25,d360,Microcoleus,0.0
k25,d360,Micromonospora_H_372070,0.00014689141052476955
k25,d360,Modestobacter,0.0
k25,d360,Mucilaginibacter_A,6.993985172751433e-05
k25,d360,Mycobacterium,0.0024526551798005254
k25,d360,Nakamurella,0.0
k25,d360,Nemorincola,0.0
k25,d360,Neobacillus,0.000652901449291091
k25,d360,Nevskia_608436,0.00025245592388284524
k25,d360,Niastella,3.7377588397996563e-05
k25,d360,Nibricoccus,0.0
k25,d360,Nitrosospira,0.0
k25,d360,Nocardia,0.0
k25,d360,Nocardioides_A_392796,0.0005018494494646469
k25,d360,Novosphingobium_485350,0.0
k25,d360,O2-12-FULL-42-9,7.169277849494955e-05
k25,d360,OLB11,0.0
k25,d360,OLB17_426821,7.234751426175374e-05
k25,d360,OLB17_427637,0.0
k25,d360,OLB9,0.00011016855789357717
k25,d360,Obscuribacter,0.0
k25,d360,Ohtaekwangia,0.0
k25,d360,PALSA-1081,0.0
k25,d360,PMMR1,0.0
k25,d360,PSRF01,0.0
k25,d360,Paenibacillus_AC,0.0
k25,d360,Paenibacillus_E,0.0
k25,d360,Paenibacillus_J_366884,0.00044067423157430867
k25,d360,Paenibacillus_O,0.0
k25,d360,Palsa-1150,0.0
k25,d360,Palsa-1233,0.00033116040944753566
k25,d360,Palsa-1315,0.0
k25,d360,Palsa-1447,0.0
k25,d360,Palsa-187,0.0008697118173755027
k25,d360,Palsa-189,0.001726519305780027
k25,d360,Palsa-295,0.001015293756366664
k25,d360,Palsa-513,0.00014163263022246388
k25,d360,Palsa-739,0.012267394699968558
k25,d360,Palsa-851,0.0
k25,d360,Palsa-89,0.0
k25,d360,Pan216,0.0
k25,d360,Paraburkholderia_580243,0.8358429761813945
k25,d360,Parafilimonas,3.7377588397996563e-05
k25,d360,Paraflavitalea,0.0
k25,d360,Pedosphaera,0.0
k25,d360,Pelosinus,0.0
k25,d360,Peribacillus_301373,0.00036414523384300807
k25,d360,Phaselicystis,0.0
k25,d360,Phenylobacterium,0.0003584638924747478
k25,d360,Pirellula_B_754535,0.0
k25,d360,Piscinibacter,0.0
k25,d360,Polyangium,0.0
k25,d360,Posidoniimonas,0.00022033711578715433
k25,d360,Pseudolabrys_502496,0.00010731744012551091
k25,d360,Pseudolabrys_502538,0.0006187975397271154
k25,d360,Pseudomonas_E_647464,0.0
k25,d360,Pseudonocardia,0.0
k25,d360,Pseudorhodoplanes,0.0
k25,d360,Pseudoxanthomonas_A_615337,0.0
k25,d360,Puia,0.0
k25,d360,QHVH01,0.000467090804133867
k25,d360,QHYU01,0.00039780568817315685
k25,d360,QQVM01,0.0
k25,d360,QUBU01,0.0
k25,d360,RBC038,0.0
k25,d360,RBG-16-71-46,0.0
k25,d360,REDI01,0.0
k25,d360,RGZZ01,0.0
k25,d360,RHKY01,3.7377588397996563e-05
k25,d360,RSA9,0.0
k25,d360,Ralstonia,0.0001049097775912715
k25,d360,Reyranella,0.0003223957756103596
k25,d360,Rhabdothermincola,0.00021704254278526118
k25,d360,Rhizobium_A_501058,0.0
k25,d360,Rhodanobacter_612715,0.00014689141052476955
k25,d360,Rhodococcus_C_375578,0.0
k25,d360,Rhodomicrobium,0.00011016855789357717
k25,d360,Rhodopila_506777,0.00014163263022246388
k25,d360,Rickettsia,0.0
k25,d360,Roseiarcus,3.7377588397996563e-05
k25,d360,Roseococcus,0.0
k25,d360,Rubrimentiphilum,0.00011016855789357717
k25,d360,Rudaea,7.410044102918894e-05
k25,d360,Rugosimonospora_371197,0.0
k25,d360,Ruminiclostridium,0.0
k25,d360,SBAT01,6.993985172751433e-05
k25,d360,SCGC-AG-212-F23,0.0
k25,d360,SCGC-AG-212-J23,0.00011213276519398969
k25,d360,SCN-69-37,3.7377588397996563e-05
k25,d360,SCTI01,0.0
k25,d360,SCTM01,3.672285263119239e-05
k25,d360,SHUM01,0.0
k25,d360,SHUY01,0.0024430036354956956
k25,d360,SHUZ01,0.00039693967187337536
k25,d360,SHXO01,0.0
k25,d360,SHZZ01,3.672285263119239e-05
k25,d360,SIO2C1,0.0
k25,d360,SIRW01,0.0006590262458931783
k25,d360,SLQV01,0.00018426899892276614
k25,d360,SURF-43,0.0
k25,d360,SYSU-D60014,0.0
k25,d360,Saccharimonas,0.0
k25,d360,Sandaracinus,0.0
k25,d360,Schlesneria,0.0
k25,d360,Silanimonas_613110,0.00011213276519398969
k25,d360,Silvibacterium,0.00044130807317324054
k25,d360,Silvimonas,0.0
k25,d360,Singulisphaera,0.0
k25,d360,Solibacter,0.00013987970345502866
k25,d360,Solirubrobacter,0.00011016855789357717
k25,d360,SpSt-583,0.0
k25,d360,Sphingomicrobium_483265,0.0
k25,d360,Spirillospora_393771,0.00017484962931878584
k25,d360,Sporocytophaga,0.0
k25,d360,Stella,6.993985172751433e-05
k25,d360,Stenotrophomonas_A_615274,0.0
k25,d360,Streptacidiphilus_A_400617,0.00044067423157430867
k25,d360,Streptomyces_G_399870,0.00013987970345502866
k25,d360,Sulfotelmatobacter,0.0
k25,d360,Sulfuricaulis,0.0
k25,d360,Tardiphaga,0.0
k25,d360,Tautonia,0.0
k25,d360,Telmatobacter,0.00011213276519398969
k25,d360,Tepidiforma,0.0
k25,d360,Terrabacter,0.0
k25,d360,Terracidiphilus_417212,0.0
k25,d360,Terracidiphilus_417258,3.672285263119239e-05
k25,d360,Trebonia,0.00017835548285365628
k25,d360,Tundrisphaera,0.0
k25,d360,Tyrphobacter,0.00022033711578715433
k25,d360,UBA10511,7.475517679599313e-05
k25,d360,UBA11358,0.0
k25,d360,UBA11361,0.0005363759200945772
k25,d360,UBA11740,6.993985172751433e-05
k25,d360,UBA12499,0.00014754614629157374
k25,d360,UBA2421,7.344570526238477e-05
k25,d360,UBA2475,0.0
k25,d360,UBA3254,0.0
k25,d360,UBA3939,0.0
k25,d360,UBA4142,0.0
k25,d360,UBA4664,0.00032195232037653267
k25,d360,UBA4720,0.00025705996841834673
k25,d360,UBA4722,0.0
k25,d360,UBA5216,0.0
k25,d360,UBA7657,0.0
k25,d360,UBA7692,0.0
k25,d360,UBA8199,0.0
k25,d360,UBA8260,0.0
k25,d360,UBA920,0.0
k25,d360,UBA923,0.0
k25,d360,UBA9339,0.0
k25,d360,UBA953,0.0
k25,d360,UBA966,0.0
k25,d360,UKL13-3,0.0
k25,d360,URHD0088,7.410044102918894e-05
k25,d360,UTBCD1,0.0
k25,d360,UTPRO1,0.0
k25,d360,Udaeobacter,0.0004078797935439414
k25,d360,Uliginosibacterium_596785,0.0
k25,d360,Unclassified,0.05835730874486588
k25,d360,Urbifossiella,0.0
k25,d360,Usitatibacter,0.0016019724879980882
k25,d360,VAYN01,0.0009451426241061722
k25,d360,VAZQ01,0.0
k25,d360,VBAR01,0.00011016855789357717
k25,d360,VBCG01,0.001771542442846696
k25,d360,VBDM01,0.0
k25,d360,VFJN01,0.0
k25,d360,Variibacter,0.0012240360147164483
k25,d360,Variovorax,0.0
k25,d360,Vermiphilus,0.0
k25,d360,Vicinamibacter,0.0
k25,d360,WHSN01,0.001009823695531381
k25,d360,WHTK01,0.0
k25,d360,WQYP01,0.0
k25,d360,WRKR01,0.0
k25,d360,WS-7,3.7377588397996563e-05
k25,d360,WYBL01,0.0
k25,d360,WYBT01,0.0
k25,d360,Williamsia_B,3.672285263119239e-05
k25,d360,Z2-YC6860,6.993985172751433e-05
k25,d360,Zavarzinella,0.0
k25,d360,Zemynaea,0.0
k25,d90,2-01-FULL-59-12,0.00042931696520716295
k25,d90,2-01-FULL-63-20,4.14708746222422e-05
k25,d90,2-12-FULL-35-15,0.0
k25,d90,2011-GWC2-44-17,0.0
k25,d90,2013-40CM-41-45,0.0
k25,d90,40CM-4-65-16,0.0002835962697329242
k25,d90,40CM-4-68-19,0.0
k25,d90,AC-14,0.0007055849398390346
k25,d90,AC-51,0.0012366047160974512
k25,d90,AC-64,0.00037355694310645045
k25,d90,AG11,0.017185638830938748
k25,d90,AG41,0.0
k25,d90,AV80,0.000303715357370105
k25,d90,AWTP1-13,0.0
k25,d90,Abditibacterium,0.0
k25,d90,Acerihabitans,0.000140084500339268
k25,d90,Achromobacter,0.0
k25,d90,Acidicapsa,4.7469856641032946e-05
k25,d90,Acidiferrimicrobium,0.0006787659995790826
k25,d90,Acidisarcina,0.0
k25,d90,Acidisoma,0.0
k25,d90,Acidobacterium_A_417822,0.0011265197816919517
k25,d90,Acidocella,0.0
k25,d90,Acidoferrum,0.062893881446255
k25,d90,Acidothermus,0.00036216323593846823
k25,d90,Actinoallomurus,0.0027115981872791856
k25,d90,Actinocrinis,0.0
k25,d90,Actinomarinicola,0.0
k25,d90,Actinoplanes,0.00010680717744232412
k25,d90,Actinospica_394695,0.00023400427151108272
k25,d90,Actinospica_394702,0.00016512455613336416
k25,d90,Adhaeribacter,0.0
k25,d90,Aetherobacter,0.0003808029808471968
k25,d90,Afipia,0.0015754049935785056
k25,d90,Aliidongia,0.00014227907004577556
k25,d90,Aliterella,0.0
k25,d90,Alteraurantiacibacter,0.0
k25,d90,Amycolatopsis_D_380830,1.4120105618390026e-05
k25,d90,Anammoximicrobium,0.0
k25,d90,Aquicella_A,0.00026027702665305954
k25,d90,Aquihabitans,7.256798418675332e-05
k25,d90,Aquisphaera,0.003830746087192882
k25,d90,Arenimicrobium,0.00022664209026708806
k25,d90,Arenimonas_613591,0.0010279981138694922
k25,d90,Armatimonas,4.010767539703829e-05
k25,d90,Asanoa,3.969199015638644e-05
k25,d90,Aurantisolimonas,0.0
k25,d90,Babela,9.884073932873018e-05
k25,d90,Bacillus_A,7.796270933594478e-05
k25,d90,Bacillus_BD,0.0005521392762369812
k25,d90,Baekduia,0.000310318596258495
k25,d90,Bauldia,0.0004337112780149705
k25,d90,Berkiella_A,0.0
k25,d90,Binatus,0.0036203410707302004
k25,d90,Bog-1198,0.0010958578871369596
k25,d90,Bog-209,0.01520626629891919
k25,d90,Bog-257,0.005504276075567085
k25,d90,Bog-515,0.002769543078552145
k25,d90,Bog-532,0.013151146452303294
k25,d90,Bog-756,0.0003766990267975101
k25,d90,Bradyrhizobium,0.014072661244776895
k25,d90,Brevundimonas,0.0002293684887174959
k25,d90,C7867-002,0.0
k25,d90,CACGMS01,1.3230663385462149e-05
k25,d90,CADDYX01,7.060052809195013e-05
k25,d90,CADDZI01,0.0006045881727865537
k25,d90,CF-113,0.0008514074224424467
k25,d90,CF-13,0.0
k25,d90,CF-154,0.001789091776588853
k25,d90,CF-39,0.0
k25,d90,CSBr16-57R1,0.0
k25,d90,Caballeronia,0.00415369108996724
k25,d90,Capsulimonas,3.6965591705978623e-05
k25,d90,Casp-actino8,0.000812034503792331
k25,d90,Catellatospora,0.00043514690536587344
k25,d90,Catenulispora,0.00041639101695389657
k25,d90,Caulobacter_487784,0.0
k25,d90,Chloroflexus,0.0010463239606667424
k25,d90,Chondromyces,0.00022344193482440422
k25,d90,Chryseolinea,0.0
k25,d90,Chthonomonas,5.6480422473560104e-05
k25,d90,Clostridium_AD,0.000505936005086771
k25,d90,Clostridium_AM,0.0
k25,d90,Collimonas,0.000918334038099437
k25,d90,Conexibacter,0.0
k25,d90,Cupriavidus,0.0010340746974087745
k25,d90,Cutibacterium,0.0
k25,d90,Cytophaga,0.0
k25,d90,DP-6,0.00023892523966799817
k25,d90,DSOM01,0.0
k25,d90,DSPE01,0.000572732120866438
k25,d90,DSQF01,0.0001723562375000356
k25,d90,DSVQ01,0.0
k25,d90,DSXL01,0.00021246391289707385
k25,d90,DTIX01,0.0009397197112274405
k25,d90,Dactylosporangium,7.256798418675332e-05
k25,d90,Demequina,0.0
k25,d90,Desulfitobacterium_A,0.0
k25,d90,Desulfosporosinus,0.0
k25,d90,Devosia_A_501803,3.969199015638644e-05
k25,d90,Dictyobacter,0.00111582694512795
k25,d90,Dokdonella_A,0.0008675093405297149
k25,d90,Dongia_507332,0.00403926577622072
k25,d90,Dongia_507335,0.0
k25,d90,Dyella_B,0.005229547068080223
k25,d90,ELB16-189,0.0009476908051808492
k25,d90,ER46,0.0003560481104164291
k25,d90,EW11,0.0
k25,d90,Edaphobacter_415416,0.03762100728299299
k25,d90,Elarobacter,0.0009715033350218572
k25,d90,F0540,1.1867464160258237e-05
k25,d90,F1-20-MAGs016,0.0
k25,d90,F1-60-MAGs149,0.0
k25,d90,F1-60-MAGs163,0.006351942719698296
k25,d90,FW602-bin16,0.0
k25,d90,Fen-1137,2.3734928320516473e-05
k25,d90,Fen-178,0.0006857510375651824
k25,d90,Fen-455,0.000124127438503398
k25,d90,Ferruginibacter,0.0
k25,d90,Filimonas,0.0
k25,d90,Fimbriiglobus,0.0002649708811982706
k25,d90,Flavipsychrobacter_928614,0.0
k25,d90,Flavobacterium,0.0006944183462827567
k25,d90,Foetidibacter,0.0
k25,d90,Frankia,0.0015350219620527458
k25,d90,GAS188,0.00014909506617179514
k25,d90,GMQP-bins7,0.0016840347708642345
k25,d90,GWA1-52-35,0.0008419230996176436
k25,d90,GWA2-37-10,0.0
k25,d90,GWA2-66-18,5.197513955729653e-05
k25,d90,GWC2-73-18,0.010575441509258938
k25,d90,Gaiella,0.0030256677799381537
k25,d90,Gallalistipes,0.0
k25,d90,Gemmata,0.0005632477980416348
k25,d90,Gemmatimonas,1.3230663385462149e-05
k25,d90,Geomonas,0.0
k25,d90,Geotalea,0.0
k25,d90,Geothrix,0.0
k25,d90,Ginsengibacter,0.00023614076946596612
k25,d90,Gp1-AA112,0.0
k25,d90,Gp1-AA122,0.010916184150816508
k25,d90,Gp1-AA133,0.003102992346261558
k25,d90,Gp1-AA17,0.003156784912267467
k25,d90,Gp13-AA74,0.0
k25,d90,Gp6-AA45,0.0003114932238547515
k25,d90,Gp7-AA6,0.010756044325541452
k25,d90,Granulicella_A_416163,0.0007658939602335599
k25,d90,Granulicella_A_416614,0.00015598349042351376
k25,d90,Granulicella_C_413841,0.0
k25,d90,HRBIN30,5.0196255091440774e-05
k25,d90,HRBIN33,5.9337320801291176e-05
k25,d90,Haliangium_463188,0.0009203739223199392
k25,d90,Hamadaea,0.0
k25,d90,Hypericibacter,0.0006179349796752643
k25,d90,Hyphomicrobium_A,0.0028512860145916918
k25,d90,Ideonella_A_591966,0.0004642765588355814
k25,d90,Ilumatobacter_A,0.0005356699154260783
k25,d90,JAABRT01,0.0006327317702889526
k25,d90,JAAUSQ01,0.0
k25,d90,JAAUUD01,1.3230663385462149e-05
k25,d90,JAAYDF01,0.0
k25,d90,JAAYUB01,1.1867464160258237e-05
k25,d90,JAAYUY01,0.0
k25,d90,JAAZOP01,0.0
k25,d90,JABFSC01,2.3734928320516473e-05
k25,d90,JABFSM01,0.000291504636094894
k25,d90,JACRCG01,8.472063371034016e-05
k25,d90,JC017,2.6461326770924297e-05
k25,d90,Jatrophihabitans_372606,0.0011253646838645624
k25,d90,KBS-83,0.001309056556780956
k25,d90,KBS-96,0.0
k25,d90,Kineosporia,0.0
k25,d90,Koribacter,5.4227781015428316e-05
k25,d90,Kouleothrix,0.0
k25,d90,Ktedonobacter,0.0007780948522741637
k25,d90,Ktedonosporobacter,0.00010715043455727691
k25,d90,Kutzneria,0.0
k25,d90,LMUY01,0.0004472995548894603
k25,d90,Labrys_504686,0.0
k25,d90,Lacipirellula,0.0
k25,d90,Lacunisphaera_756265,0.0
k25,d90,Lacunisphaera_756365,9.030393048847905e-05
k25,d90,Lentzea,0.0
k25,d90,Longimicrobium,0.0
k25,d90,Luteibacter,0.00038434639340483343
k25,d90,MB-PLM-2,0.0007798593803659445
k25,d90,MT45,0.0
k25,d90,Marmoricola_A_392027,0.000377114712038162
k25,d90,Massilia,0.00012952216365258947
k25,d90,Methylocella,0.0001414476995644719
k25,d90,Microcoleus,0.0
k25,d90,Micromonospora_H_372070,0.00011807038473298306
k25,d90,Modestobacter,0.0
k25,d90,Mucilaginibacter_A,0.00040700330786347453
k25,d90,Mycobacterium,0.014990855988874355
k25,d90,Nakamurella,0.0
k25,d90,Nemorincola,0.00022938284509157079
k25,d90,Neobacillus,0.0016083977773674455
k25,d90,Nevskia_608436,0.0
k25,d90,Niastella,0.00018000360410735881
k25,d90,Nibricoccus,0.0
k25,d90,Nitrosospira,0.0
k25,d90,Nocardia,9.261464369823503e-05
k25,d90,Nocardioides_A_392796,0.000582607943323211
k25,d90,Novosphingobium_485350,0.0
k25,d90,O2-12-FULL-42-9,6.793220139316649e-05
k25,d90,OLB11,0.0
k25,d90,OLB17_426821,0.001876137608583371
k25,d90,OLB17_427637,1.1867464160258237e-05
k25,d90,OLB9,0.0
k25,d90,Obscuribacter,0.0
k25,d90,Ohtaekwangia,0.0
k25,d90,PALSA-1081,0.0
k25,d90,PMMR1,0.0002558298154884202
k25,d90,PSRF01,0.0022360820892066494
k25,d90,Paenibacillus_AC,0.0
k25,d90,Paenibacillus_E,0.0003188554050987461
k25,d90,Paenibacillus_J_366884,0.0
k25,d90,Paenibacillus_O,0.0
k25,d90,Palsa-1150,0.0008394818865305643
k25,d90,Palsa-1233,0.001980823161999864
k25,d90,Palsa-1315,6.384260371755477e-05
k25,d90,Palsa-1447,0.0
k25,d90,Palsa-187,0.007450124770009478
k25,d90,Palsa-189,0.014280309597376086
k25,d90,Palsa-295,0.010379514340604022
k25,d90,Palsa-513,0.0007360777925339464
k25,d90,Palsa-739,0.0409223350306646
k25,d90,Palsa-851,0.00035610618216805334
k25,d90,Palsa-89,4.010767539703829e-05
k25,d90,Pan216,0.0
k25,d90,Paraburkholderia_580243,0.26670668874301984
k25,d90,Parafilimonas,6.384260371755477e-05
k25,d90,Paraflavitalea,0.0
k25,d90,Pedosphaera,0.0
k25,d90,Pelosinus,0.0
k25,d90,Peribacillus_301373,0.00021265248452602132
k25,d90,Phaselicystis,0.0
k25,d90,Phenylobacterium,0.0019370605863817556
k25,d90,Pirellula_B_754535,1.1867464160258237e-05
k25,d90,Piscinibacter,0.0001937804526107961
k25,d90,Polyangium,0.0
k25,d90,Posidoniimonas,0.00016109303020937662
k25,d90,Pseudolabrys_502496,0.001927581436951745
k25,d90,Pseudolabrys_502538,0.00378560130013568
k25,d90,Pseudomonas_E_647464,0.0004836804194947068
k25,d90,Pseudonocardia,0.0003092405823966197
k25,d90,Pseudorhodoplanes,0.00017099303827483166
k25,d90,Pseudoxanthomonas_A_615337,0.0
k25,d90,Puia,0.0009432435940162099
k25,d90,QHVH01,0.0010969744429815919
k25,d90,QHYU01,0.0025440756158813136
k25,d90,QQVM01,0.0001508739506376509
k25,d90,QUBU01,0.0
k25,d90,RBC038,0.0
k25,d90,RBG-16-71-46,0.00024028843889320204
k25,d90,REDI01,0.0
k25,d90,RGZZ01,0.0
k25,d90,RHKY01,0.00046373037371760627
k25,d90,RSA9,0.00014458978325553157
k25,d90,Ralstonia,0.00037142044515156705
k25,d90,Reyranella,0.003020770997389921
k25,d90,Rhabdothermincola,0.0016432066950943488
k25,d90,Rhizobium_A_501058,0.00015284140673245408
k25,d90,Rhodanobacter_612715,0.0002577391998315992
k25,d90,Rhodococcus_C_375578,0.0007637476330440693
k25,d90,Rhodomicrobium,0.0002468916777815921
k25,d90,Rhodopila_506777,0.003723648550992437
k25,d90,Rickettsia,0.0
k25,d90,Roseiarcus,0.0027382670978929467
k25,d90,Roseococcus,0.0
k25,d90,Rubrimentiphilum,0.002392428366513983
k25,d90,Rudaea,0.0035659148888512178
k25,d90,Rugosimonospora_371197,8.307224912180765e-05
k25,d90,Ruminiclostridium,0.0
k25,d90,SBAT01,0.0009725474627407905
k25,d90,SCGC-AG-212-F23,0.0
k25,d90,SCGC-AG-212-J23,0.000342343690038691
k25,d90,SCN-69-37,0.0005964670491869545
k25,d90,SCTI01,0.00015414653420603382
k25,d90,SCTM01,0.0001171809425000552
k25,d90,SHUM01,2.6461326770924297e-05
k25,d90,SHUY01,0.006179914865384161
k25,d90,SHUZ01,0.0008306018205753605
k25,d90,SHXO01,0.0001414476995644719
k25,d90,SHZZ01,0.0004918883275940801
k25,d90,SIO2C1,0.0
k25,d90,SIRW01,0.0018459833571635971
k25,d90,SLQV01,0.0005437910390256775
k25,d90,SURF-43,0.0
k25,d90,SYSU-D60014,0.0
k25,d90,Saccharimonas,0.0003242501302479376
k25,d90,Sandaracinus,0.0
k25,d90,Schlesneria,1.3230663385462149e-05
k25,d90,Silanimonas_613110,0.0003218669889124825
k25,d90,Silvibacterium,0.00028673835342398385
k25,d90,Silvimonas,0.0
k25,d90,Singulisphaera,0.00025726544283932317
k25,d90,Solibacter,0.005844077411644849
k25,d90,Solirubrobacter,0.000439178431289861
k25,d90,SpSt-583,0.0004300954373316348
k25,d90,Sphingomicrobium_483265,0.0
k25,d90,Spirillospora_393771,0.002442528007871043
k25,d90,Sporocytophaga,0.0
k25,d90,Stella,0.0007218852587898573
k25,d90,Stenotrophomonas_A_615274,0.00011907597046915932
k25,d90,Streptacidiphilus_A_400617,0.0013925059491606585
k25,d90,Streptomyces_G_399870,0.0013620372820744289
k25,d90,Sulfotelmatobacter,0.0030596506292788934
k25,d90,Sulfuricaulis,0.0
k25,d90,Tardiphaga,0.0
k25,d90,Tautonia,3.560239248077471e-05
k25,d90,Telmatobacter,0.0005842805135204255
k25,d90,Tepidiforma,0.0
k25,d90,Terrabacter,0.0
k25,d90,Terracidiphilus_417212,0.0
k25,d90,Terracidiphilus_417258,0.0008033671950747565
k25,d90,Trebonia,0.004570831737597112
k25,d90,Tundrisphaera,0.000124127438503398
k25,d90,Tyrphobacter,0.0006438644777022884
k25,d90,UBA10511,0.0008541918926444789
k25,d90,UBA11358,0.0
k25,d90,UBA11361,0.0014691733602576309
k25,d90,UBA11740,0.0005091747025122119
k25,d90,UBA12499,0.0020032719750606907
k25,d90,UBA2421,0.0013227851627673765
k25,d90,UBA2475,0.00011867464160258235
k25,d90,UBA3254,0.0
k25,d90,UBA3939,0.0
k25,d90,UBA4142,0.00023708828345051823
k25,d90,UBA4664,0.0011654965448702828
k25,d90,UBA4720,0.0009413100240643489
k25,d90,UBA4722,0.0
k25,d90,UBA5216,0.0
k25,d90,UBA7657,0.0
k25,d90,UBA7692,0.0
k25,d90,UBA8199,0.0
k25,d90,UBA8260,0.0
k25,d90,UBA920,0.00016944126742068032
k25,d90,UBA923,2.8240211236780052e-05
k25,d90,UBA9339,0.0
k25,d90,UBA953,0.0
k25,d90,UBA966,0.0
k25,d90,UKL13-3,0.0
k25,d90,URHD0088,0.002673230336810268
k25,d90,UTBCD1,0.0
k25,d90,UTPRO1,0.00015532116180229027
k25,d90,Udaeobacter,0.0011578054628854102
k25,d90,Uliginosibacterium_596785,0.0
k25,d90,Unclassified,0.21229091749893061
k25,d90,Urbifossiella,0.0003595529809913088
k25,d90,Usitatibacter,0.007837642348708151
k25,d90,VAYN01,0.0013364797539105074
k25,d90,VAZQ01,0.007240388161972421
k25,d90,VBAR01,0.00014227907004577556
k25,d90,VBCG01,0.011398520900854877
k25,d90,VBDM01,5.9337320801291176e-05
k25,d90,VFJN01,0.00017740770553427424
k25,d90,Variibacter,0.011588038575645143
k25,d90,Variovorax,0.00010620292057272483
k25,d90,Vermiphilus,0.0
k25,d90,Vicinamibacter,0.0
k25,d90,WHSN01,0.00785239102550517
k25,d90,WHTK01,0.00011996541270208722
k25,d90,WQYP01,0.00014589491072911128
k25,d90,WRKR01,0.0
k25,d90,WS-7,0.00019187106826761707
k25,d90,WYBL01,0.0
k25,d90,WYBT01,0.0
k25,d90,Williamsia_B,0.00036448830552229913
k25,d90,Z2-YC6860,0.00039585624407606403
k25,d90,Zavarzinella,0.000181971060202162
k25,d90,Zemynaea,4.883305586623685e-05
k5,d180,2-01-FULL-59-12,0.0002840327257705321
k5,d180,2-01-FULL-63-20,0.0
k5,d180,2-12-FULL-35-15,0.0
k5,d180,2011-GWC2-44-17,0.0
k5,d180,2013-40CM-41-45,0.0
k5,d180,40CM-4-65-16,0.00012133124643589465
k5,d180,40CM-4-68-19,0.0
k5,d180,AC-14,0.00014827984435977803
k5,d180,AC-51,0.0007104130969533454
k5,d180,AC-64,0.00019936958001400172
k5,d180,AG11,0.004355080414714972
k5,d180,AG41,0.0
k5,d180,AV80,0.00029023365146662477
k5,d180,AWTP1-13,0.0
k5,d180,Abditibacterium,0.0
k5,d180,Acerihabitans,0.0
k5,d180,Achromobacter,0.0
k5,d180,Acidicapsa,3.639937393076839e-05
k5,d180,Acidiferrimicrobium,0.0003791782110596333
k5,d180,Acidisarcina,0.000278936755245719
k5,d180,Acidisoma,0.0
k5,d180,Acidobacterium_A_417822,0.005846607262405678
k5,d180,Acidocella,0.00037462807047455924
k5,d180,Acidoferrum,0.0976030518722919
k5,d180,Acidothermus,0.0
k5,d180,Actinoallomurus,0.001333532419424701
k5,d180,Actinocrinis,0.0
k5,d180,Actinomarinicola,0.0
k5,d180,Actinoplanes,1.4815473280293938e-05
k5,d180,Actinospica_394695,8.192907720858097e-05
k5,d180,Actinospica_394702,0.000953219205016892
k5,d180,Adhaeribacter,0.0
k5,d180,Aetherobacter,0.0
k5,d180,Afipia,0.006315033726833066
k5,d180,Aliidongia,0.0003430776120543569
k5,d180,Aliterella,0.0
k5,d180,Alteraurantiacibacter,0.0
k5,d180,Amycolatopsis_D_380830,0.0
k5,d180,Anammoximicrobium,0.0
k5,d180,Aquicella_A,0.0
k5,d180,Aquihabitans,0.0
k5,d180,Aquisphaera,0.0018491746287609334
k5,d180,Arenimicrobium,5.1214847211062326e-05
k5,d180,Arenimonas_613591,0.00034059059852065463
k5,d180,Armatimonas,0.0
k5,d180,Asanoa,0.0025169490014679743
k5,d180,Aurantisolimonas,0.0
k5,d180,Babela,0.0
k5,d180,Bacillus_A,8.621049104505915e-05
k5,d180,Bacillus_BD,0.0003002519291475976
k5,d180,Baekduia,0.00013346437107948408
k5,d180,Bauldia,0.00018032441280847451
k5,d180,Berkiella_A,0.0
k5,d180,Binatus,0.007244048819160259
k5,d180,Bog-1198,0.0010916844832412466
k5,d180,Bog-209,0.00845517508515468
k5,d180,Bog-257,0.0023213317582358064
k5,d180,Bog-515,0.001011943644640876
k5,d180,Bog-532,0.007774220732649231
k5,d180,Bog-756,0.0
k5,d180,Bradyrhizobium,0.012994118454628396
k5,d180,Brevundimonas,7.949378358612356e-05
k5,d180,C7867-002,0.0
k5,d180,CACGMS01,0.0
k5,d180,CADDYX01,0.00010511204305882915
k5,d180,CADDZI01,7.949378358612356e-05
k5,d180,CF-113,0.00046627665043862116
k5,d180,CF-13,0.0
k5,d180,CF-154,0.0008189703254259691
k5,d180,CF-39,0.0
k5,d180,CSBr16-57R1,0.0
k5,d180,Caballeronia,0.013488498916817464
k5,d180,Capsulimonas,0.0
k5,d180,Casp-actino8,0.00036379523610525154
k5,d180,Catellatospora,0.0004486753886991329
k5,d180,Catenulispora,8.08457937716502e-05
k5,d180,Caulobacter_487784,0.0
k5,d180,Chloroflexus,0.001161502107540587
k5,d180,Chondromyces,0.0001560581635212956
k5,d180,Chryseolinea,0.0
k5,d180,Chthonomonas,0.0
k5,d180,Clostridium_AD,0.0003470602509653431
k5,d180,Clostridium_AM,0.002112953792332169
k5,d180,Collimonas,0.00012426065008684618
k5,d180,Conexibacter,0.0
k5,d180,Cupriavidus,0.0018983015090868448
k5,d180,Cutibacterium,2.4266249287178927e-05
k5,d180,Cytophaga,0.0
k5,d180,DP-6,0.00017190520032727539
k5,d180,DSOM01,0.0
k5,d180,DSPE01,0.00017655878073483927
k5,d180,DSQF01,0.0
k5,d180,DSVQ01,0.0
k5,d180,DSXL01,1.4815473280293938e-05
k5,d180,DTIX01,0.0017029177360832596
k5,d180,Dactylosporangium,5.3897195847766806e-05
k5,d180,Demequina,0.0
k5,d180,Desulfitobacterium_A,0.0006841539441609584
k5,d180,Desulfosporosinus,0.0
k5,d180,Devosia_A_501803,0.0
k5,d180,Dictyobacter,0.004097500426090006
k5,d180,Dokdonella_A,0.000250636147136309
k5,d180,Dongia_507332,0.0010696249761971966
k5,d180,Dongia_507335,0.0
k5,d180,Dyella_B,0.01907752477324857
k5,d180,ELB16-189,0.00021908568871610657
k5,d180,ER46,0.0
k5,d180,EW11,0.0
k5,d180,Edaphobacter_415416,0.010539919875164089
k5,d180,Elarobacter,0.0002392658592698095
k5,d180,F0540,0.004737702393838794
k5,d180,F1-20-MAGs016,0.0
k5,d180,F1-60-MAGs149,0.0
k5,d180,F1-60-MAGs163,0.0026183555088069607
k5,d180,FW602-bin16,0.0
k5,d180,Fen-1137,2.803188136081418e-05
k5,d180,Fen-178,0.0
k5,d180,Fen-455,0.0
k5,d180,Ferruginibacter,0.0
k5,d180,Filimonas,0.0
k5,d180,Fimbriiglobus,8.889283968176364e-05
k5,d180,Flavipsychrobacter_928614,0.0
k5,d180,Flavobacterium,0.0003074627466350273
k5,d180,Foetidibacter,0.0
k5,d180,Frankia,0.0006825548789611847
k5,d180,GAS188,2.9630946560587875e-05
k5,d180,GMQP-bins7,0.0007844687916204663
k5,d180,GWA1-52-35,0.0
k5,d180,GWA2-37-10,0.0
k5,d180,GWA2-66-18,0.0
k5,d180,GWC2-73-18,0.004549519311130267
k5,d180,Gaiella,0.0009690962899997678
k5,d180,Gallalistipes,3.639937393076839e-05
k5,d180,Gemmata,2.4266249287178927e-05
k5,d180,Gemmatimonas,2.4266249287178927e-05
k5,d180,Geomonas,0.0
k5,d180,Geotalea,0.0
k5,d180,Geothrix,0.0
k5,d180,Ginsengibacter,6.819688736521783e-05
k5,d180,Gp1-AA112,0.0
k5,d180,Gp1-AA122,0.00655971979428104
k5,d180,Gp1-AA133,0.009718764812629557
k5,d180,Gp1-AA17,0.0034650155971995542
k5,d180,Gp13-AA74,0.0
k5,d180,Gp6-AA45,3.179751343444943e-05
k5,d180,Gp7-AA6,0.004081530028477011
k5,d180,Granulicella_A_416163,0.0024387838055832047
k5,d180,Granulicella_A_416614,2.4266249287178927e-05
k5,d180,Granulicella_C_413841,0.0
k5,d180,HRBIN30,0.0
k5,d180,HRBIN33,0.0
k5,d180,Haliangium_463188,0.0004830116355785295
k5,d180,Hamadaea,0.0
k5,d180,Hypericibacter,0.00024418816642596925
k5,d180,Hyphomicrobium_A,0.0018412009744964136
k5,d180,Ideonella_A_591966,0.00020318693199888188
k5,d180,Ilumatobacter_A,0.00031742930440475524
k5,d180,JAABRT01,0.0007079778033308881
k5,d180,JAAUSQ01,0.0
k5,d180,JAAUUD01,0.0
k5,d180,JAAYDF01,0.0
k5,d180,JAAYUB01,0.0
k5,d180,JAAYUY01,0.0
k5,d180,JAAZOP01,0.0
k5,d180,JABFSC01,0.0
k5,d180,JABFSM01,0.00030096304601344263
k5,d180,JACRCG01,4.5529703277812584e-05
k5,d180,JC017,2.6948597923883403e-05
k5,d180,Jatrophihabitans_372606,0.0003945094661027702
k5,d180,KBS-83,0.00013333925952264546
k5,d180,KBS-96,0.0
k5,d180,Kineosporia,0.0
k5,d180,Koribacter,0.0008707743460454682
k5,d180,Kouleothrix,0.0
k5,d180,Ktedonobacter,0.0002718478812156977
k5,d180,Ktedonosporobacter,7.816344513494573e-05
k5,d180,Kutzneria,0.0
k5,d180,LMUY01,0.0002627476000455496
k5,d180,Labrys_504686,0.0
k5,d180,Lacipirellula,0.0
k5,d180,Lacunisphaera_756265,0.0
k5,d180,Lacunisphaera_756365,0.0
k5,d180,Lentzea,0.0
k5,d180,Longimicrobium,0.0
k5,d180,Luteibacter,0.0004939664134052457
k5,d180,MB-PLM-2,0.0002075417374809538
k5,d180,MT45,0.0
k5,d180,Marmoricola_A_392027,0.00018888724048143088
k5,d180,Massilia,0.0020038221030925164
k5,d180,Methylocella,9.834361568864863e-05
k5,d180,Microcoleus,0.0
k5,d180,Micromonospora_H_372070,6.0665623217947324e-05
k5,d180,Modestobacter,0.0
k5,d180,Mucilaginibacter_A,3.639937393076839e-05
k5,d180,Mycobacterium,0.018020133860218456
k5,d180,Nakamurella,0.0
k5,d180,Nemorincola,0.0
k5,d180,Neobacillus,0.0019189821258679023
k5,d180,Nevskia_608436,0.09171557269515844
k5,d180,Niastella,0.0
k5,d180,Nibricoccus,0.0
k5,d180,Nitrosospira,0.0
k5,d180,Nocardia,0.00020050458336217744
k5,d180,Nocardioides_A_392796,0.00021558878339106722
k5,d180,Novosphingobium_485350,0.0
k5,d180,O2-12-FULL-42-9,1.4815473280293938e-05
k5,d180,OLB11,0.0
k5,d180,OLB17_426821,9.406220185217044e-05
k5,d180,OLB17_427637,0.0
k5,d180,OLB9,0.0
k5,d180,Obscuribacter,4.8532498574357854e-05
k5,d180,Ohtaekwangia,0.0
k5,d180,PALSA-1081,0.0
k5,d180,PMMR1,0.0037826902058687322
k5,d180,PSRF01,0.0005201738462863879
k5,d180,Paenibacillus_AC,0.0
k5,d180,Paenibacillus_E,0.00020082503002201823
k5,d180,Paenibacillus_J_366884,0.0
k5,d180,Paenibacillus_O,0.0
k5,d180,Palsa-1150,0.0002794308652742131
k5,d180,Palsa-1233,0.0011313337074828074
k5,d180,Palsa-1315,0.0
k5,d180,Palsa-1447,0.0
k5,d180,Palsa-187,0.0015201580296523279
k5,d180,Palsa-189,0.005304221917440936
k5,d180,Palsa-295,0.014880467128133028
k5,d180,Palsa-513,0.00033416428954466366
k5,d180,Palsa-739,0.021495243671949927
k5,d180,Palsa-851,0.0
k5,d180,Palsa-89,1.4815473280293938e-05
k5,d180,Pan216,0.0
k5,d180,Paraburkholderia_580243,0.24360321379540695
k5,d180,Parafilimonas,2.9630946560587875e-05
k5,d180,Paraflavitalea,1.2133124643589463e-05
k5,d180,Pedosphaera,0.0
k5,d180,Pelosinus,0.00032594041216646663
k5,d180,Peribacillus_301373,8.493187250512624e-05
k5,d180,Phaselicystis,0.0
k5,d180,Phenylobacterium,0.006049545722040706
k5,d180,Pirellula_B_754535,0.0
k5,d180,Piscinibacter,0.0001517250297735725
k5,d180,Polyangium,0.0001777856793635273
k5,d180,Posidoniimonas,2.6948597923883403e-05
k5,d180,Pseudolabrys_502496,0.00047752182674828193
k5,d180,Pseudolabrys_502538,0.0007625861160444998
k5,d180,Pseudomonas_E_647464,4.1764071204177335e-05
k5,d180,Pseudonocardia,6.603032049135628e-05
k5,d180,Pseudorhodoplanes,0.0
k5,d180,Pseudoxanthomonas_A_615337,0.0
k5,d180,Puia,0.00015817301048391222
k5,d180,QHVH01,0.00015900923890659592
k5,d180,QHYU01,0.0005459140492165019
k5,d180,QQVM01,6.359502686889886e-05
k5,d180,QUBU01,0.0
k5,d180,RBC038,0.0
k5,d180,RBG-16-71-46,0.00016526188451393355
k5,d180,REDI01,0.0
k5,d180,RGZZ01,0.0
k5,d180,RHKY01,9.297891841523967e-05
k5,d180,RSA9,1.4815473280293938e-05
k5,d180,Ralstonia,0.0
k5,d180,Reyranella,0.0004409271177145114
k5,d180,Rhabdothermincola,0.0003793735461626355
k5,d180,Rhizobium_A_501058,1.4815473280293938e-05
k5,d180,Rhodanobacter_612715,0.03898476863858643
k5,d180,Rhodococcus_C_375578,0.0008039595170426729
k5,d180,Rhodomicrobium,0.0003573989753061567
k5,d180,Rhodopila_506777,0.0286852080471081
k5,d180,Rickettsia,0.0
k5,d180,Roseiarcus,0.0007427263921506378
k5,d180,Roseococcus,0.0
k5,d180,Rubrimentiphilum,0.00043524197378126163
k5,d180,Rudaea,0.0013863732119130028
k5,d180,Rugosimonospora_371197,0.0009676925599029963
k5,d180,Ruminiclostridium,2.4266249287178927e-05
k5,d180,SBAT01,0.00010587487983591912
k5,d180,SCGC-AG-212-F23,0.0
k5,d180,SCGC-AG-212-J23,0.00015465443342452403
k5,d180,SCN-69-37,0.000172793148661204
k5,d180,SCTI01,0.0
k5,d180,SCTM01,0.0
k5,d180,SHUM01,1.5898756717224715e-05
k5,d180,SHUY01,0.001988125640571235
k5,d180,SHUZ01,0.0001676237864907972
k5,d180,SHXO01,0.0
k5,d180,SHZZ01,0.0003683237049559767
k5,d180,SIO2C1,0.0
k5,d180,SIRW01,0.0012542640191184756
k5,d180,SLQV01,0.00019508816617752354
k5,d180,SURF-43,0.0
k5,d180,SYSU-D60014,0.0
k5,d180,Saccharimonas,0.0005150044841159811
k5,d180,Sandaracinus,0.0
k5,d180,Schlesneria,0.0
k5,d180,Silanimonas_613110,4.8532498574357854e-05
k5,d180,Silvibacterium,0.00010376003287330249
k5,d180,Silvimonas,1.2133124643589463e-05
k5,d180,Singulisphaera,0.00042414041266335806
k5,d180,Solibacter,0.0018876888496543183
k5,d180,Solirubrobacter,8.352814240835467e-05
k5,d180,SpSt-583,0.00016033957735777377
k5,d180,Sphingomicrobium_483265,0.0
k5,d180,Spirillospora_393771,0.0010081780125672406
k5,d180,Sporocytophaga,0.0
k5,d180,Stella,0.00013799283993020934
k5,d180,Stenotrophomonas_A_615274,0.0
k5,d180,Streptacidiphilus_A_400617,0.003705679978223018
k5,d180,Streptomyces_G_399870,0.0010325176535000132
k5,d180,Sulfotelmatobacter,0.0007386920333284065
k5,d180,Sulfuricaulis,0.0
k5,d180,Tardiphaga,0.0
k5,d180,Tautonia,7.949378358612356e-05
k5,d180,Telmatobacter,0.009902717868012634
k5,d180,Tepidiforma,0.0
k5,d180,Terrabacter,0.0001481547328029394
k5,d180,Terracidiphilus_417212,0.0
k5,d180,Terracidiphilus_417258,0.0052275107542145765
k5,d180,Trebonia,0.003958302692665674
k5,d180,Tundrisphaera,0.00025759990960949164
k5,d180,Tyrphobacter,0.0002908011531407126
k5,d180,UBA10511,9.297891841523967e-05
k5,d180,UBA11358,0.0
k5,d180,UBA11361,0.021332102044422877
k5,d180,UBA11740,4.444641984088182e-05
k5,d180,UBA12499,0.0005051113179918469
k5,d180,UBA2421,0.00041205900793101353
k5,d180,UBA2475,0.0
k5,d180,UBA3254,0.0
k5,d180,UBA3939,0.0
k5,d180,UBA4142,4.444641984088182e-05
k5,d180,UBA4664,0.00041641381341308545
k5,d180,UBA4720,0.0009776891658496202
k5,d180,UBA4722,0.0
k5,d180,UBA5216,1.4815473280293938e-05
k5,d180,UBA7657,0.0
k5,d180,UBA7692,0.0
k5,d180,UBA8199,0.0
k5,d180,UBA8260,0.0
k5,d180,UBA920,0.0
k5,d180,UBA923,0.0
k5,d180,UBA9339,0.0
k5,d180,UBA953,0.0
k5,d180,UBA966,0.0
k5,d180,UKL13-3,0.0
k5,d180,URHD0088,0.004766818975986145
k5,d180,UTBCD1,0.0
k5,d180,UTPRO1,0.0
k5,d180,Udaeobacter,0.00043218745857347146
k5,d180,Uliginosibacterium_596785,0.0
k5,d180,Unclassified,0.1574324026450173
k5,d180,Urbifossiella,7.40773664014697e-05
k5,d180,Usitatibacter,0.002503675954626955
k5,d180,VAYN01,0.000943798477186903
k5,d180,VAZQ01,0.001913133445758371
k5,d180,VBAR01,4.444641984088182e-05
k5,d180,VBCG01,0.0038828114689750622
k5,d180,VBDM01,0.0
k5,d180,VFJN01,2.9630946560587875e-05
k5,d180,Variibacter,0.0033834803582964076
k5,d180,Variovorax,0.00012886251058316514
k5,d180,Vermiphilus,0.0
k5,d180,Vicinamibacter,0.0
k5,d180,WHSN01,0.001755875263685853
k5,d180,WHTK01,0.0
k5,d180,WQYP01,5.926189312117575e-05
k5,d180,WRKR01,0.0
k5,d180,WS-7,5.3897195847766806e-05
k5,d180,WYBL01,0.0
k5,d180,WYBT01,0.0
k5,d180,Williamsia_B,0.0
k5,d180,Z2-YC6860,6.0665623217947324e-05
k5,d180,Zavarzinella,0.0
k5,d180,Zemynaea,1.2133124643589463e-05
k5,d3,2-01-FULL-59-12,0.002861580898904392
k5,d3,2-01-FULL-63-20,2.614994377762088e-05
k5,d3,2-12-FULL-35-15,0.0
k5,d3,2011-GWC2-44-17,0.0
k5,d3,2013-40CM-41-45,0.0
k5,d3,40CM-4-65-16,0.00046518768756326554
k5,d3,40CM-4-68-19,0.0
k5,d3,AC-14,0.000702821938882113
k5,d3,AC-51,0.0018152830549058715
k5,d3,AC-64,0.000412059880883306
k5,d3,AG11,0.013802807506223336
k5,d3,AG41,0.0
k5,d3,AV80,0.0007803079046688569
k5,d3,AWTP1-13,0.0002704804408831186
k5,d3,Abditibacterium,0.0
k5,d3,Acerihabitans,0.0
k5,d3,Achromobacter,0.0
k5,d3,Acidicapsa,0.00026860964312521796
k5,d3,Acidiferrimicrobium,0.0009163760442351341
k5,d3,Acidisarcina,8.652390222799048e-05
k5,d3,Acidisoma,0.0
k5,d3,Acidobacterium_A_417822,0.0
k5,d3,Acidocella,0.0
k5,d3,Acidoferrum,0.04865427867513342
k5,d3,Acidothermus,0.00023983999555204284
k5,d3,Actinoallomurus,0.0042724072509253905
k5,d3,Actinocrinis,0.0
k5,d3,Actinomarinicola,0.0
k5,d3,Actinoplanes,0.0010418073424450659
k5,d3,Actinospica_394695,0.00043454724223218974
k5,d3,Actinospica_394702,0.0010998965435751757
k5,d3,Adhaeribacter,0.0
k5,d3,Aetherobacter,0.0002163097555699762
k5,d3,Afipia,0.0
k5,d3,Aliidongia,0.0015308032831313559
k5,d3,Aliterella,0.0
k5,d3,Alteraurantiacibacter,0.0003028336577979667
k5,d3,Amycolatopsis_D_380830,0.00041385166555414247
k5,d3,Anammoximicrobium,0.0
k5,d3,Aquicella_A,0.0
k5,d3,Aquihabitans,0.00046201807778395156
k5,d3,Aquisphaera,0.009041012434802027
k5,d3,Arenimicrobium,7.844983133286264e-05
k5,d3,Arenimonas_613591,0.002531061446046199
k5,d3,Armatimonas,0.0
k5,d3,Asanoa,0.0008839438142332219
k5,d3,Aurantisolimonas,0.0
k5,d3,Babela,0.0
k5,d3,Bacillus_A,4.326195111399524e-05
k5,d3,Bacillus_BD,0.00025149763578884355
k5,d3,Baekduia,0.002709092724705058
k5,d3,Bauldia,0.0006680480182256046
k5,d3,Berkiella_A,0.0
k5,d3,Binatus,0.002194774759365864
k5,d3,Bog-1198,0.010967392510551137
k5,d3,Bog-209,0.006143829696116407
k5,d3,Bog-257,0.003785124081822872
k5,d3,Bog-515,0.0029345763631376813
k5,d3,Bog-532,0.015430572532885135
k5,d3,Bog-756,0.0005354275015795994
k5,d3,Bradyrhizobium,0.026595756766510516
k5,d3,Brevundimonas,0.0007406295228965347
k5,d3,C7867-002,0.0
k5,d3,CACGMS01,0.0
k5,d3,CADDYX01,0.0004209618709031516
k5,d3,CADDZI01,0.00011991999777602142
k5,d3,CF-113,0.0005927677966720559
k5,d3,CF-13,0.0
k5,d3,CF-154,0.005002083880117323
k5,d3,CF-39,0.0
k5,d3,CSBr16-57R1,0.00036292960310737823
k5,d3,Caballeronia,0.001489333116688197
k5,d3,Capsulimonas,0.0002911760175611659
k5,d3,Casp-actino8,0.0016971548418006866
k5,d3,Catellatospora,0.0021264626764417676
k5,d3,Catenulispora,0.0019969548362407403
k5,d3,Caulobacter_487784,0.0013349741447309619
k5,d3,Chloroflexus,0.0012616437340223783
k5,d3,Chondromyces,0.00040936116400068756
k5,d3,Chryseolinea,0.0009033184991371282
k5,d3,Chthonomonas,0.00010459977511048352
k5,d3,Clostridium_AD,5.229988755524176e-05
k5,d3,Clostridium_AM,0.0
k5,d3,Collimonas,0.0009102297044322437
k5,d3,Conexibacter,0.00023534949399858793
k5,d3,Cupriavidus,0.0
k5,d3,Cutibacterium,0.0
k5,d3,Cytophaga,7.844983133286264e-05
k5,d3,DP-6,0.0005544103066738745
k5,d3,DSOM01,0.0
k5,d3,DSPE01,0.0028669783326696293
k5,d3,DSQF01,0.00018795406755915995
k5,d3,DSVQ01,0.0
k5,d3,DSXL01,0.0004907877253571266
k5,d3,DTIX01,0.0009740512858028852
k5,d3,Dactylosporangium,0.001007861340913275
k5,d3,Demequina,0.0004183991004419341
k5,d3,Desulfitobacterium_A,0.0
k5,d3,Desulfosporosinus,2.614994377762088e-05
k5,d3,Devosia_A_501803,0.00038770172177652164
k5,d3,Dictyobacter,0.001719421123342949
k5,d3,Dokdonella_A,0.0011967792740185538
k5,d3,Dongia_507332,0.0
k5,d3,Dongia_507335,0.0002776475795664645
k5,d3,Dyella_B,8.652390222799048e-05
k5,d3,ELB16-189,0.011266740506221532
k5,d3,ER46,0.0042829368791437875
k5,d3,EW11,0.0005052800288979467
k5,d3,Edaphobacter_415416,0.008392667927657466
k5,d3,Elarobacter,0.0005585437819993072
k5,d3,F0540,0.0
k5,d3,F1-20-MAGs016,0.0
k5,d3,F1-60-MAGs149,0.00048188573533728096
k5,d3,F1-60-MAGs163,0.008252159566341346
k5,d3,FW602-bin16,0.00034893027221598126
k5,d3,Fen-1137,0.0003710036740025061
k5,d3,Fen-178,0.0024598008331494095
k5,d3,Fen-455,0.00039756757734248587
k5,d3,Ferruginibacter,0.0
k5,d3,Filimonas,0.0
k5,d3,Fimbriiglobus,0.0009127134618063969
k5,d3,Flavipsychrobacter_928614,0.0
k5,d3,Flavobacterium,0.005992488428062513
k5,d3,Foetidibacter,0.0
k5,d3,Frankia,0.0036999210713690223
k5,d3,GAS188,0.00027365005066243265
k5,d3,GMQP-bins7,0.0023756976346630794
k5,d3,GWA1-52-35,0.000808799539101074
k5,d3,GWA2-37-10,0.002782780161641664
k5,d3,GWA2-66-18,7.844983133286264e-05
k5,d3,GWC2-73-18,0.013098544688600255
k5,d3,Gaiella,0.004433225429408084
k5,d3,Gallalistipes,0.0
k5,d3,Gemmata,0.0004950002137696236
k5,d3,Gemmatimonas,0.0
k5,d3,Geomonas,0.0
k5,d3,Geotalea,0.0
k5,d3,Geothrix,2.614994377762088e-05
k5,d3,Ginsengibacter,0.0015447456806884164
k5,d3,Gp1-AA112,0.0
k5,d3,Gp1-AA122,0.013874112278625582
k5,d3,Gp1-AA133,0.0024012186593698765
k5,d3,Gp1-AA17,0.009379015078691821
k5,d3,Gp13-AA74,0.0
k5,d3,Gp6-AA45,0.0006040114773464977
k5,d3,Gp7-AA6,0.006285567162290722
k5,d3,Granulicella_A_416163,0.0006676340586632457
k5,d3,Granulicella_A_416614,0.0003285696420132287
k5,d3,Granulicella_C_413841,0.0
k5,d3,HRBIN30,0.0010841054280129423
k5,d3,HRBIN33,0.00025957170668397143
k5,d3,Haliangium_463188,0.0035723188825075047
k5,d3,Hamadaea,0.0001307497188881044
k5,d3,Hypericibacter,0.0030660970678161666
k5,d3,Hyphomicrobium_A,0.00176243326136687
k5,d3,Ideonella_A_591966,0.0031114857500762934
k5,d3,Ilumatobacter_A,0.0040619277828100485
k5,d3,JAABRT01,0.0012176107971180019
k5,d3,JAAUSQ01,0.000662179691563672
k5,d3,JAAUUD01,0.00017850217155555457
k5,d3,JAAYDF01,0.0
k5,d3,JAAYUB01,5.229988755524176e-05
k5,d3,JAAYUY01,0.0
k5,d3,JAAZOP01,0.00015689966266572527
k5,d3,JABFSC01,0.00011267384600561136
k5,d3,JABFSM01,0.00018167178133486858
k5,d3,JACRCG01,0.0
k5,d3,JC017,0.0006612158260175532
k5,d3,Jatrophihabitans_372606,0.001758492665797175
k5,d3,KBS-83,0.0005503337646827784
k5,d3,KBS-96,0.0
k5,d3,Kineosporia,0.0
k5,d3,Koribacter,0.0
k5,d3,Kouleothrix,0.00023534949399858793
k5,d3,Ktedonobacter,0.0012408691442572669
k5,d3,Ktedonosporobacter,4.326195111399524e-05
k5,d3,Kutzneria,0.0005512976302288971
k5,d3,LMUY01,0.0
k5,d3,Labrys_504686,0.00013882378978323224
k5,d3,Lacipirellula,0.0
k5,d3,Lacunisphaera_756265,0.0007248953406686379
k5,d3,Lacunisphaera_756365,0.003502748961441761
k5,d3,Lentzea,2.614994377762088e-05
k5,d3,Longimicrobium,0.00010143016533116949
k5,d3,Luteibacter,0.0008464711766940948
k5,d3,MB-PLM-2,0.0012855089204797396
k5,d3,MT45,0.0010863111722461377
k5,d3,Marmoricola_A_392027,0.0033498689074327945
k5,d3,Massilia,0.0
k5,d3,Methylocella,0.0001352402204415593
k5,d3,Microcoleus,0.0
k5,d3,Micromonospora_H_372070,0.0005603355666701436
k5,d3,Modestobacter,0.0003525138415576542
k5,d3,Mucilaginibacter_A,0.013048706478666438
k5,d3,Mycobacterium,0.007582398776531969
k5,d3,Nakamurella,0.0016187619438021606
k5,d3,Nemorincola,0.0003042904959935085
k5,d3,Neobacillus,6.762011022077965e-05
k5,d3,Nevskia_608436,0.00018754010799680107
k5,d3,Niastella,0.00032911954799698845
k5,d3,Nibricoccus,0.0005191434133679429
k5,d3,Nitrosospira,0.0
k5,d3,Nocardia,0.0
k5,d3,Nocardioides_A_392796,0.006889262587288963
k5,d3,Novosphingobium_485350,0.00018304960644334616
k5,d3,O2-12-FULL-42-9,5.229988755524176e-05
k5,d3,OLB11,0.0
k5,d3,OLB17_426821,0.001893732886238734
k5,d3,OLB17_427637,0.0008852426262546351
k5,d3,OLB9,0.0
k5,d3,Obscuribacter,0.0
k5,d3,Ohtaekwangia,0.0011428866018463693
k5,d3,PALSA-1081,0.0
k5,d3,PMMR1,0.0
k5,d3,PSRF01,0.0018279045606887912
k5,d3,Paenibacillus_AC,0.0
k5,d3,Paenibacillus_E,3.381005511038983e-05
k5,d3,Paenibacillus_J_366884,0.0
k5,d3,Paenibacillus_O,0.0
k5,d3,Palsa-1150,0.005283988107601739
k5,d3,Palsa-1233,0.0018193595968969674
k5,d3,Palsa-1315,0.00041426562511650135
k5,d3,Palsa-1447,0.0
k5,d3,Palsa-187,0.025945528687779173
k5,d3,Palsa-189,0.007792369312543317
k5,d3,Palsa-295,0.002572196666014063
k5,d3,Palsa-513,0.0005066578540064243
k5,d3,Palsa-739,0.02933407725785656
k5,d3,Palsa-851,0.00020919955022096704
k5,d3,Palsa-89,7.844983133286264e-05
k5,d3,Pan216,0.0001307497188881044
k5,d3,Paraburkholderia_580243,0.0028243862745062232
k5,d3,Parafilimonas,0.0010168992773545214
k5,d3,Paraflavitalea,0.00024791406644717064
k5,d3,Pedosphaera,0.0
k5,d3,Pelosinus,0.0
k5,d3,Peribacillus_301373,0.0002492918915556483
k5,d3,Phaselicystis,0.0
k5,d3,Phenylobacterium,0.00505456387359942
k5,d3,Pirellula_B_754535,0.00010143016533116949
k5,d3,Piscinibacter,0.003473723380480355
k5,d3,Polyangium,0.0
k5,d3,Posidoniimonas,0.00015689966266572527
k5,d3,Pseudolabrys_502496,0.002179868496262685
k5,d3,Pseudolabrys_502538,0.0030540254680170072
k5,d3,Pseudomonas_E_647464,0.0
k5,d3,Pseudonocardia,0.0011121261695484638
k5,d3,Pseudorhodoplanes,0.001840055173575015
k5,d3,Pseudoxanthomonas_A_615337,0.0
k5,d3,Puia,0.011459757061070636
k5,d3,QHVH01,0.00046477372800090666
k5,d3,QHYU01,0.0008866994644501769
k5,d3,QQVM01,0.0008758697433380939
k5,d3,QUBU01,9.377005399840054e-05
k5,d3,RBC038,0.0
k5,d3,RBG-16-71-46,0.00031870378644726434
k5,d3,REDI01,0.0002163097555699762
k5,d3,RGZZ01,0.0
k5,d3,RHKY01,0.0008664178473344886
k5,d3,RSA9,8.610994266563159e-05
k5,d3,Ralstonia,0.0
k5,d3,Reyranella,0.007928330238971645
k5,d3,Rhabdothermincola,0.003782504378027318
k5,d3,Rhizobium_A_501058,0.0016528500120535083
k5,d3,Rhodanobacter_612715,0.0012152691064634055
k5,d3,Rhodococcus_C_375578,2.614994377762088e-05
k5,d3,Rhodomicrobium,0.0003957757926716494
k5,d3,Rhodopila_506777,0.0017688514940125625
k5,d3,Rickettsia,0.0
k5,d3,Roseiarcus,0.004208898536277316
k5,d3,Roseococcus,0.00025957170668397143
k5,d3,Rubrimentiphilum,0.0013082112413370884
k5,d3,Rudaea,0.006124925904109196
k5,d3,Rugosimonospora_371197,0.0006981954909072572
k5,d3,Ruminiclostridium,0.0
k5,d3,SBAT01,0.0005504697111041794
k5,d3,SCGC-AG-212-F23,0.0
k5,d3,SCGC-AG-212-J23,0.001741459671547865
k5,d3,SCN-69-37,0.0032694282913752013
k5,d3,SCTI01,0.00023300780334399164
k5,d3,SCTM01,0.0
k5,d3,SHUM01,2.614994377762088e-05
k5,d3,SHUY01,0.005451167585395787
k5,d3,SHUZ01,0.001685911161126245
k5,d3,SHXO01,0.000633410043990497
k5,d3,SHZZ01,0.0007105389835492187
k5,d3,SIO2C1,0.0
k5,d3,SIRW01,0.0006442397651025799
k5,d3,SLQV01,0.005157684730761634
k5,d3,SURF-43,0.0
k5,d3,SYSU-D60014,0.0
k5,d3,Saccharimonas,0.0005062438944440654
k5,d3,Sandaracinus,0.0
k5,d3,Schlesneria,0.0003912852911181945
k5,d3,Silanimonas_613110,0.0003957757926716494
k5,d3,Silvibacterium,0.0002921398831072846
k5,d3,Silvimonas,0.0
k5,d3,Singulisphaera,0.0011464640508898859
k5,d3,Solibacter,0.014043355433933266
k5,d3,Solirubrobacter,0.0022335462089264047
k5,d3,SpSt-583,0.0013608681551203524
k5,d3,Sphingomicrobium_483265,0.0
k5,d3,Spirillospora_393771,0.0019239593720074511
k5,d3,Sporocytophaga,0.0003209095306804597
k5,d3,Stella,0.003239280818693549
k5,d3,Stenotrophomonas_A_615274,0.0
k5,d3,Streptacidiphilus_A_400617,0.006741302953850383
k5,d3,Streptomyces_G_399870,0.0017039080209216735
k5,d3,Sulfotelmatobacter,0.0044719399456342864
k5,d3,Sulfuricaulis,0.0
k5,d3,Tardiphaga,0.0008219770711659096
k5,d3,Tautonia,7.844983133286264e-05
k5,d3,Telmatobacter,0.0013798288804618998
k5,d3,Tepidiforma,0.0
k5,d3,Terrabacter,0.0
k5,d3,Terracidiphilus_417212,0.000589184227330383
k5,d3,Terracidiphilus_417258,0.00010459977511048352
k5,d3,Trebonia,0.009700003622459347
k5,d3,Tundrisphaera,0.0010531300362065718
k5,d3,Tyrphobacter,0.00046201807778395156
k5,d3,UBA10511,0.003619322429137301
k5,d3,UBA11358,0.00010459977511048352
k5,d3,UBA11361,0.0018860727749059655
k5,d3,UBA11740,0.003166642380688282
k5,d3,UBA12499,0.0020287581471718284
k5,d3,UBA2421,0.007648856021152736
k5,d3,UBA2475,0.00020919955022096704
k5,d3,UBA3254,0.00019070971777611508
k5,d3,UBA3939,0.0
k5,d3,UBA4142,0.00027365005066243265
k5,d3,UBA4664,0.002437370405134862
k5,d3,UBA4720,0.0005949735409052513
k5,d3,UBA4722,0.0
k5,d3,UBA5216,0.0010772732358048911
k5,d3,UBA7657,4.326195111399524e-05
k5,d3,UBA7692,0.0
k5,d3,UBA8199,0.00040572066132467795
k5,d3,UBA8260,0.00020286033066233897
k5,d3,UBA920,0.0
k5,d3,UBA923,0.0
k5,d3,UBA9339,0.0
k5,d3,UBA953,5.229988755524176e-05
k5,d3,UBA966,0.0
k5,d3,UKL13-3,0.00017304780445598095
k5,d3,URHD0088,0.0013536220033499424
k5,d3,UTBCD1,0.0
k5,d3,UTPRO1,0.000739665657350416
k5,d3,Udaeobacter,0.0023791452575833514
k5,d3,Uliginosibacterium_596785,0.00610571830035004
k5,d3,Unclassified,0.28965487560155995
k5,d3,Urbifossiella,0.001365415590008144
k5,d3,Usitatibacter,0.014636594123502019
k5,d3,VAYN01,0.0029625180915861388
k5,d3,VAZQ01,0.0047313695855987015
k5,d3,VBAR01,0.0017990559000285516
k5,d3,VBCG01,0.019044933567572284
k5,d3,VBDM01,0.003992888873601025
k5,d3,VFJN01,0.00063644370734841
k5,d3,Variibacter,0.00644955495055273
k5,d3,Variovorax,0.001777260511382985
k5,d3,Vermiphilus,6.762011022077965e-05
k5,d3,Vicinamibacter,0.0007794799855441393
k5,d3,WHSN01,0.019584709503985786
k5,d3,WHTK01,0.00035430562622849063
k5,d3,WQYP01,0.0023598844393481187
k5,d3,WRKR01,0.0
k5,d3,WS-7,0.00020644390000401188
k5,d3,WYBL01,0.0002947595869028388
k5,d3,WYBT01,6.762011022077965e-05
k5,d3,Williamsia_B,0.000477809193346185
k5,d3,Z2-YC6860,0.0030075148940366335
k5,d3,Zavarzinella,0.0005504697111041794
k5,d3,Zemynaea,0.0005029952715776871
k5,d360,2-01-FULL-59-12,0.0
k5,d360,2-01-FULL-63-20,0.0
k5,d360,2-12-FULL-35-15,0.0
k5,d360,2011-GWC2-44-17,0.0
k5,d360,2013-40CM-41-45,0.0
k5,d360,40CM-4-65-16,0.0
k5,d360,40CM-4-68-19,0.0
k5,d360,AC-14,0.0
k5,d360,AC-51,9.143693137658299e-05
k5,d360,AC-64,0.00018287386275316598
k5,d360,AG11,0.0012866584896777458
k5,d360,AG41,0.0
k5,d360,AV80,0.0005329915803903922
k5,d360,AWTP1-13,0.0
k5,d360,Abditibacterium,0.0
k5,d360,Acerihabitans,0.0
k5,d360,Achromobacter,0.0
k5,d360,Acidicapsa,0.0
k5,d360,Acidiferrimicrobium,0.0003426679634336627
k5,d360,Acidisarcina,0.0003675574439689043
k5,d360,Acidisoma,0.0
k5,d360,Acidobacterium_A_417822,0.0009670964752006378
k5,d360,Acidocella,0.0
k5,d360,Acidoferrum,0.24615725305166838
k5,d360,Acidothermus,0.00011632641191182458
k5,d360,Actinoallomurus,0.0011110303899082563
k5,d360,Actinocrinis,0.0
k5,d360,Actinomarinicola,0.0
k5,d360,Actinoplanes,0.0
k5,d360,Actinospica_394695,0.0
k5,d360,Actinospica_394702,0.00047482837443448
k5,d360,Adhaeribacter,0.0
k5,d360,Aetherobacter,0.0
k5,d360,Afipia,0.0033417055927139703
k5,d360,Aliidongia,0.0
k5,d360,Aliterella,0.0
k5,d360,Alteraurantiacibacter,0.0
k5,d360,Amycolatopsis_D_380830,0.0
k5,d360,Anammoximicrobium,0.0
k5,d360,Aquicella_A,0.0
k5,d360,Aquihabitans,0.0
k5,d360,Aquisphaera,0.005862966647195474
k5,d360,Arenimicrobium,0.00010049241282283188
k5,d360,Arenimonas_613591,0.00010049241282283188
k5,d360,Armatimonas,0.0
k5,d360,Asanoa,0.009907507156009606
k5,d360,Aurantisolimonas,0.0
k5,d360,Babela,0.0
k5,d360,Bacillus_A,0.0
k5,d360,Bacillus_BD,0.0018855262843486596
k5,d360,Baekduia,0.0
k5,d360,Bauldia,0.0
k5,d360,Berkiella_A,0.0
k5,d360,Binatus,0.018541267823582546
k5,d360,Bog-1198,0.0009947039779964317
k5,d360,Bog-209,0.009526748285427216
k5,d360,Bog-257,0.003590277865411657
k5,d360,Bog-515,0.0004945188776857775
k5,d360,Bog-532,0.022465573042554778
k5,d360,Bog-756,0.0
k5,d360,Bradyrhizobium,0.02044882083788717
k5,d360,Brevundimonas,0.0
k5,d360,C7867-002,0.0
k5,d360,CACGMS01,0.0
k5,d360,CADDYX01,5.816320595591229e-05
k5,d360,CADDZI01,0.0
k5,d360,CF-113,0.0005402373433740689
k5,d360,CF-13,0.0
k5,d360,CF-154,0.0009259057502354708
k5,d360,CF-39,0.0
k5,d360,CSBr16-57R1,0.0
k5,d360,Caballeronia,0.002809385248884398
k5,d360,Capsulimonas,0.0
k5,d360,Casp-actino8,0.0002285923284414575
k5,d360,Catellatospora,0.0029011378081497986
k5,d360,Catenulispora,0.0001919293441994149
k5,d360,Caulobacter_487784,0.0
k5,d360,Chloroflexus,0.007916875268329947
k5,d360,Chondromyces,0.0008152193740646376
k5,d360,Chryseolinea,0.0
k5,d360,Chthonomonas,0.0
k5,d360,Clostridium_AD,0.00042957715408712126
k5,d360,Clostridium_AM,0.0005001851003106544
k5,d360,Collimonas,0.0
k5,d360,Conexibacter,0.0
k5,d360,Cupriavidus,0.000262537290422948
k5,d360,Cutibacterium,0.0
k5,d360,Cytophaga,0.0
k5,d360,DP-6,0.000583705032142741
k5,d360,DSOM01,0.0
k5,d360,DSPE01,0.0016361049707541524
k5,d360,DSQF01,0.0
k5,d360,DSVQ01,0.0
k5,d360,DSXL01,0.00010049241282283188
k5,d360,DTIX01,0.010255959883502988
k5,d360,Dactylosporangium,0.00018287386275316598
k5,d360,Demequina,0.0
k5,d360,Desulfitobacterium_A,0.0
k5,d360,Desulfosporosinus,0.0
k5,d360,Devosia_A_501803,0.0
k5,d360,Dictyobacter,0.004047581063729415
k5,d360,Dokdonella_A,0.0
k5,d360,Dongia_507332,0.0008790488026454269
k5,d360,Dongia_507335,0.00020098482564566376
k5,d360,Dyella_B,0.0035705280992592
k5,d360,ELB16-189,0.0
k5,d360,ER46,0.0
k5,d360,EW11,0.0
k5,d360,Edaphobacter_415416,0.03078408163562202
k5,d360,Elarobacter,0.0008541593221101854
k5,d360,F0540,0.0002908160297795614
k5,d360,F1-20-MAGs016,0.0
k5,d360,F1-60-MAGs149,0.0
k5,d360,F1-60-MAGs163,0.003219041721616449
k5,d360,FW602-bin16,0.0
k5,d360,Fen-1137,0.00017448961786773688
k5,d360,Fen-178,0.0
k5,d360,Fen-455,0.0
k5,d360,Ferruginibacter,0.0
k5,d360,Filimonas,0.0
k5,d360,Fimbriiglobus,0.0
k5,d360,Flavipsychrobacter_928614,0.0
k5,d360,Flavobacterium,5.024620641141594e-05
k5,d360,Foetidibacter,0.0
k5,d360,Frankia,0.0
k5,d360,GAS188,0.0
k5,d360,GMQP-bins7,0.0003573634806209029
k5,d360,GWA1-52-35,0.0
k5,d360,GWA2-37-10,0.0
k5,d360,GWA2-66-18,0.0
k5,d360,GWC2-73-18,0.003813118521443193
k5,d360,Gaiella,0.0005499640613811375
k5,d360,Gallalistipes,0.0
k5,d360,Gemmata,4.5718465688291496e-05
k5,d360,Gemmatimonas,0.0
k5,d360,Geomonas,0.0
k5,d360,Geotalea,0.0
k5,d360,Geothrix,0.0
k5,d360,Ginsengibacter,0.0
k5,d360,Gp1-AA112,0.0
k5,d360,Gp1-AA122,0.012701848183800676
k5,d360,Gp1-AA133,0.01680072847042569
k5,d360,Gp1-AA17,0.027524185515594435
k5,d360,Gp13-AA74,0.0
k5,d360,Gp6-AA45,0.0
k5,d360,Gp7-AA6,0.0009704857340220099
k5,d360,Granulicella_A_416163,0.0034109972526997494
k5,d360,Granulicella_A_416614,0.0
k5,d360,Granulicella_C_413841,0.0
k5,d360,HRBIN30,0.0
k5,d360,HRBIN33,0.0
k5,d360,Haliangium_463188,0.0063339647043515355
k5,d360,Hamadaea,0.0
k5,d360,Hypericibacter,0.0012059089538739825
k5,d360,Hyphomicrobium_A,0.006077041262785692
k5,d360,Ideonella_A_591966,0.0
k5,d360,Ilumatobacter_A,0.0
k5,d360,JAABRT01,0.00872665859787348
k5,d360,JAAUSQ01,0.0
k5,d360,JAAUUD01,0.0
k5,d360,JAAYDF01,0.0
k5,d360,JAAYUB01,0.0
k5,d360,JAAYUY01,0.0
k5,d360,JAAZOP01,0.0
k5,d360,JABFSC01,0.0
k5,d360,JABFSM01,0.00018287386275316598
k5,d360,JACRCG01,0.0
k5,d360,JC017,0.00019984634374391123
k5,d360,Jatrophihabitans_372606,9.143693137658299e-05
k5,d360,KBS-83,5.024620641141594e-05
k5,d360,KBS-96,0.0
k5,d360,Kineosporia,0.0
k5,d360,Koribacter,0.0034071145616535597
k5,d360,Kouleothrix,0.0
k5,d360,Ktedonobacter,0.002122265790438386
k5,d360,Ktedonosporobacter,0.0001665726183232405
k5,d360,Kutzneria,0.0002788385348528734
k5,d360,LMUY01,0.0
k5,d360,Labrys_504686,0.0
k5,d360,Lacipirellula,0.0
k5,d360,Lacunisphaera_756265,0.0
k5,d360,Lacunisphaera_756365,0.0
k5,d360,Lentzea,0.0
k5,d360,Longimicrobium,0.0
k5,d360,Luteibacter,0.0
k5,d360,MB-PLM-2,0.0002421755506108308
k5,d360,MT45,0.0
k5,d360,Marmoricola_A_392027,0.0
k5,d360,Massilia,0.0
k5,d360,Methylocella,0.00033247400008566127
k5,d360,Microcoleus,0.0
k5,d360,Micromonospora_H_372070,0.001008287200165805
k5,d360,Modestobacter,0.0
k5,d360,Mucilaginibacter_A,9.596467209970745e-05
k5,d360,Mycobacterium,0.009582686901347396
k5,d360,Nakamurella,0.0
k5,d360,Nemorincola,0.0001371553970648745
k5,d360,Neobacillus,0.0013047432656863578
k5,d360,Nevskia_608436,0.006423150858808498
k5,d360,Niastella,0.0
k5,d360,Nibricoccus,0.0
k5,d360,Nitrosospira,0.0
k5,d360,Nocardia,0.00018287386275316598
k5,d360,Nocardioides_A_392796,0.0
k5,d360,Novosphingobium_485350,0.0
k5,d360,O2-12-FULL-42-9,0.0
k5,d360,OLB11,0.0
k5,d360,OLB17_426821,0.0
k5,d360,OLB17_427637,0.0
k5,d360,OLB9,0.0
k5,d360,Obscuribacter,0.0
k5,d360,Ohtaekwangia,0.0
k5,d360,PALSA-1081,0.0
k5,d360,PMMR1,0.00044947164855830565
k5,d360,PSRF01,5.024620641141594e-05
k5,d360,Paenibacillus_AC,0.006659837991130454
k5,d360,Paenibacillus_E,0.0
k5,d360,Paenibacillus_J_366884,0.0
k5,d360,Paenibacillus_O,0.0
k5,d360,Palsa-1150,0.0006672249639748276
k5,d360,Palsa-1233,0.0007378329101983607
k5,d360,Palsa-1315,0.0
k5,d360,Palsa-1447,0.0
k5,d360,Palsa-187,0.0008772652710667402
k5,d360,Palsa-189,0.0034154988065389883
k5,d360,Palsa-295,0.023495597531671613
k5,d360,Palsa-513,0.0
k5,d360,Palsa-739,0.009194478276561443
k5,d360,Palsa-851,0.0
k5,d360,Palsa-89,0.0
k5,d360,Pan216,0.0
k5,d360,Paraburkholderia_580243,0.057009986790916546
k5,d360,Parafilimonas,0.0
k5,d360,Paraflavitalea,0.0
k5,d360,Pedosphaera,0.0
k5,d360,Pelosinus,0.0
k5,d360,Peribacillus_301373,0.0005210140854637043
k5,d360,Phaselicystis,0.0
k5,d360,Phenylobacterium,0.008733259311180222
k5,d360,Pirellula_B_754535,0.0
k5,d360,Piscinibacter,0.0
k5,d360,Polyangium,0.0
k5,d360,Posidoniimonas,0.0
k5,d360,Pseudolabrys_502496,0.0007192808888488158
k5,d360,Pseudolabrys_502538,0.0006119837714993545
k5,d360,Pseudomonas_E_647464,0.0
k5,d360,Pseudonocardia,0.00020098482564566376
k5,d360,Pseudorhodoplanes,0.0
k5,d360,Pseudoxanthomonas_A_615337,0.0
k5,d360,Puia,0.000309394238012992
k5,d360,QHVH01,0.0
k5,d360,QHYU01,5.816320595591229e-05
k5,d360,QQVM01,0.0
k5,d360,QUBU01,5.024620641141594e-05
k5,d360,RBC038,0.0
k5,d360,RBG-16-71-46,0.0
k5,d360,REDI01,0.0
k5,d360,RGZZ01,0.0
k5,d360,RHKY01,0.0
k5,d360,RSA9,0.0
k5,d360,Ralstonia,0.0
k5,d360,Reyranella,0.0007034207028759374
k5,d360,Rhabdothermincola,0.0
k5,d360,Rhizobium_A_501058,0.0
k5,d360,Rhodanobacter_612715,0.004423259498462701
k5,d360,Rhodococcus_C_375578,0.003144083839005793
k5,d360,Rhodomicrobium,0.0037916444866132088
k5,d360,Rhodopila_506777,0.010535495841800567
k5,d360,Rickettsia,0.0
k5,d360,Roseiarcus,0.0009372120086013391
k5,d360,Roseococcus,0.0
k5,d360,Rubrimentiphilum,0.00010049241282283188
k5,d360,Rudaea,0.0
k5,d360,Rugosimonospora_371197,0.005582344580763915
k5,d360,Ruminiclostridium,0.0
k5,d360,SBAT01,0.0
k5,d360,SCGC-AG-212-F23,0.0005379865664544495
k5,d360,SCGC-AG-212-J23,0.0
k5,d360,SCN-69-37,0.0
k5,d360,SCTI01,0.0
k5,d360,SCTM01,0.0
k5,d360,SHUM01,0.0
k5,d360,SHUY01,0.0012624402457033239
k5,d360,SHUZ01,9.143693137658299e-05
k5,d360,SHXO01,0.0
k5,d360,SHZZ01,0.0004341048948102457
k5,d360,SIO2C1,0.0
k5,d360,SIRW01,0.00045286090737967755
k5,d360,SLQV01,0.0002833662755759979
k5,d360,SURF-43,0.0
k5,d360,SYSU-D60014,0.0
k5,d360,Saccharimonas,0.004058038281198461
k5,d360,Sandaracinus,0.0
k5,d360,Schlesneria,0.0
k5,d360,Silanimonas_613110,0.0
k5,d360,Silvibacterium,0.0
k5,d360,Silvimonas,0.0
k5,d360,Singulisphaera,0.003056996844016333
k5,d360,Solibacter,0.010618292163304064
k5,d360,Solirubrobacter,0.00014621087851112338
k5,d360,SpSt-583,0.00010049241282283188
k5,d360,Sphingomicrobium_483265,0.0
k5,d360,Spirillospora_393771,0.00018287386275316598
k5,d360,Sporocytophaga,0.0
k5,d360,Stella,0.0
k5,d360,Stenotrophomonas_A_615274,0.0
k5,d360,Streptacidiphilus_A_400617,0.011443888808903901
k5,d360,Streptomyces_G_399870,0.00024670329133395525
k5,d360,Sulfotelmatobacter,0.0001371553970648745
k5,d360,Sulfuricaulis,0.0
k5,d360,Tardiphaga,0.0
k5,d360,Tautonia,0.0
k5,d360,Telmatobacter,0.03271324652394197
k5,d360,Tepidiforma,0.0
k5,d360,Terrabacter,0.0
k5,d360,Terracidiphilus_417212,0.0
k5,d360,Terracidiphilus_417258,0.008765966547575615
k5,d360,Trebonia,0.01770013901288323
k5,d360,Tundrisphaera,0.0
k5,d360,Tyrphobacter,4.5718465688291496e-05
k5,d360,UBA10511,0.0
k5,d360,UBA11358,0.0
k5,d360,UBA11361,0.0381231951737195
k5,d360,UBA11740,0.0
k5,d360,UBA12499,5.024620641141594e-05
k5,d360,UBA2421,0.000303728015388115
k5,d360,UBA2475,0.0
k5,d360,UBA3254,0.0020364688948027944
k5,d360,UBA3939,0.0
k5,d360,UBA4142,0.0
k5,d360,UBA4664,0.00011632641191182458
k5,d360,UBA4720,0.0
k5,d360,UBA4722,0.0
k5,d360,UBA5216,0.0
k5,d360,UBA7657,0.0
k5,d360,UBA7692,0.0
k5,d360,UBA8199,0.0
k5,d360,UBA8260,0.0
k5,d360,UBA920,0.0
k5,d360,UBA923,0.00041213742775544324
k5,d360,UBA9339,0.0
k5,d360,UBA953,0.0
k5,d360,UBA966,0.0
k5,d360,UKL13-3,0.0
k5,d360,URHD0088,0.0039683848814005655
k5,d360,UTBCD1,0.0
k5,d360,UTPRO1,0.0
k5,d360,Udaeobacter,0.0002992002746649906
k5,d360,Uliginosibacterium_596785,0.0
k5,d360,Unclassified,0.16997125740498698
k5,d360,Urbifossiella,0.0
k5,d360,Usitatibacter,0.0012758194766528102
k5,d360,VAYN01,0.0004098866508358239
k5,d360,VAZQ01,0.0029282256918368877
k5,d360,VBAR01,0.0
k5,d360,VBCG01,0.0006165115122224789
k5,d360,VBDM01,0.0
k5,d360,VFJN01,0.0
k5,d360,Variibacter,0.004025409605454725
k5,d360,Variovorax,0.0
k5,d360,Vermiphilus,0.0
k5,d360,Vicinamibacter,0.0
k5,d360,WHSN01,0.0003573634806209029
k5,d360,WHTK01,0.0
k5,d360,WQYP01,0.0021700834155941816
k5,d360,WRKR01,0.0
k5,d360,WS-7,0.0
k5,d360,WYBL01,0.0
k5,d360,WYBT01,0.0
k5,d360,Williamsia_B,5.024620641141594e-05
k5,d360,Z2-YC6860,0.0
k5,d360,Zavarzinella,0.0
k5,d360,Zemynaea,0.0
k5,d90,2-01-FULL-59-12,0.0005886503804922159
k5,d90,2-01-FULL-63-20,0.0
k5,d90,2-12-FULL-35-15,0.0
k5,d90,2011-GWC2-44-17,0.0
k5,d90,2013-40CM-41-45,2.270972430394695e-05
k5,d90,40CM-4-65-16,0.00026730528738508347
k5,d90,40CM-4-68-19,0.0
k5,d90,AC-14,0.0002557379325226734
k5,d90,AC-51,0.0006096115800724127
k5,d90,AC-64,0.00029057600658222534
k5,d90,AG11,0.01637347434081089
k5,d90,AG41,0.0
k5,d90,AV80,0.000316726053873242
k5,d90,AWTP1-13,0.0
k5,d90,Abditibacterium,0.0
k5,d90,Acerihabitans,0.0
k5,d90,Achromobacter,0.0001816777944315756
k5,d90,Acidicapsa,0.0001312594342718383
k5,d90,Acidiferrimicrobium,0.0004165221970284326
k5,d90,Acidisarcina,0.0006960241739870626
k5,d90,Acidisoma,0.0
k5,d90,Acidobacterium_A_417822,0.001394612673630651
k5,d90,Acidocella,1.2375012375012374e-05
k5,d90,Acidoferrum,0.10819764265827571
k5,d90,Acidothermus,0.00022167334606675298
k5,d90,Actinoallomurus,0.0029684913682501758
k5,d90,Actinocrinis,0.0
k5,d90,Actinomarinicola,0.0
k5,d90,Actinoplanes,9.08388972157878e-05
k5,d90,Actinospica_394695,0.00022338770088153244
k5,d90,Actinospica_394702,0.006438645115053435
k5,d90,Adhaeribacter,3.712503712503712e-05
k5,d90,Aetherobacter,0.0
k5,d90,Afipia,0.000821913637972839
k5,d90,Aliidongia,0.0003693316671453284
k5,d90,Aliterella,0.0
k5,d90,Alteraurantiacibacter,0.0
k5,d90,Amycolatopsis_D_380830,0.0
k5,d90,Anammoximicrobium,0.0
k5,d90,Aquicella_A,0.0
k5,d90,Aquihabitans,3.712503712503712e-05
k5,d90,Aquisphaera,0.003579990696554842
k5,d90,Arenimicrobium,0.00013402810921862745
k5,d90,Arenimonas_613591,0.0008102102736381071
k5,d90,Armatimonas,0.0
k5,d90,Asanoa,0.0009340171238486616
k5,d90,Aurantisolimonas,0.0
k5,d90,Babela,0.0
k5,d90,Bacillus_A,3.9377830281551485e-05
k5,d90,Bacillus_BD,0.0003152467483203591
k5,d90,Baekduia,0.0004463504163421917
k5,d90,Bauldia,0.00025801328223064784
k5,d90,Berkiella_A,0.0
k5,d90,Binatus,0.005270951775923193
k5,d90,Bog-1198,0.0013161487887898757
k5,d90,Bog-209,0.01606365537366299
k5,d90,Bog-257,0.005335456703498946
k5,d90,Bog-515,0.0013512902519292656
k5,d90,Bog-532,0.014483913441816777
k5,d90,Bog-756,0.0001188618653453658
k5,d90,Bradyrhizobium,0.016013523662238623
k5,d90,Brevundimonas,5.677431075986738e-05
k5,d90,C7867-002,0.0
k5,d90,CACGMS01,0.0
k5,d90,CADDYX01,0.00012063294662057616
k5,d90,CADDZI01,0.00034958055394714705
k5,d90,CF-113,0.0010844325065165156
k5,d90,CF-13,0.0
k5,d90,CF-154,0.0010158783481838017
k5,d90,CF-39,0.0
k5,d90,CSBr16-57R1,0.0
k5,d90,Caballeronia,0.008831216459703936
k5,d90,Capsulimonas,5.677431075986738e-05
k5,d90,Casp-actino8,0.0005927877078448023
k5,d90,Catellatospora,0.000578990116377338
k5,d90,Catenulispora,0.0004115348988340999
k5,d90,Caulobacter_487784,0.0
k5,d90,Chloroflexus,0.0010509746982202716
k5,d90,Chondromyces,0.00015598690247040295
k5,d90,Chryseolinea,1.2375012375012374e-05
k5,d90,Chthonomonas,0.0
k5,d90,Clostridium_AD,0.00022671737072151659
k5,d90,Clostridium_AM,0.0
k5,d90,Collimonas,0.0007872880566237236
k5,d90,Conexibacter,0.0
k5,d90,Cupriavidus,0.005592762038170128
k5,d90,Cutibacterium,1.1354862151973475e-05
k5,d90,Cytophaga,0.0
k5,d90,DP-6,0.0004901887198338517
k5,d90,DSOM01,0.0
k5,d90,DSPE01,0.0007923095247270271
k5,d90,DSQF01,5.025098055222096e-05
k5,d90,DSVQ01,0.0
k5,d90,DSXL01,2.4750024750024748e-05
k5,d90,DTIX01,0.0016606853180822587
k5,d90,Dactylosporangium,0.0
k5,d90,Demequina,0.0
k5,d90,Desulfitobacterium_A,0.0
k5,d90,Desulfosporosinus,0.0
k5,d90,Devosia_A_501803,1.3125943427183828e-05
k5,d90,Dictyobacter,0.0007575616768733156
k5,d90,Dokdonella_A,0.0004677707712522324
k5,d90,Dongia_507332,0.005181840976489911
k5,d90,Dongia_507335,0.0004176899700813041
k5,d90,Dyella_B,0.006405216410500546
k5,d90,ELB16-189,0.0007617645442700672
k5,d90,ER46,0.00014463204031842946
k5,d90,EW11,0.0
k5,d90,Edaphobacter_415416,0.0221851212933233
k5,d90,Elarobacter,0.0003135323935055797
k5,d90,F0540,0.0004784314288124653
k5,d90,F1-20-MAGs016,0.0
k5,d90,F1-60-MAGs149,2.4480805579157302e-05
k5,d90,F1-60-MAGs163,0.0056618052232795075
k5,d90,FW602-bin16,0.0
k5,d90,Fen-1137,1.2375012375012374e-05
k5,d90,Fen-178,0.0008548787911938295
k5,d90,Fen-455,7.500100530224571e-05
k5,d90,Ferruginibacter,0.0
k5,d90,Filimonas,0.0
k5,d90,Fimbriiglobus,0.0003415553616351577
k5,d90,Flavipsychrobacter_928614,8.662508662508663e-05
k5,d90,Flavobacterium,0.0005207111437393515
k5,d90,Foetidibacter,0.0
k5,d90,Frankia,0.001181673137598915
k5,d90,GAS188,8.329541678510248e-05
k5,d90,GMQP-bins7,0.0013010959978374756
k5,d90,GWA1-52-35,0.0005873835676497696
k5,d90,GWA2-37-10,0.0
k5,d90,GWA2-66-18,9.567042916011485e-05
k5,d90,GWC2-73-18,0.006799680241105691
k5,d90,Gaiella,0.00201056044752551
k5,d90,Gallalistipes,0.0
k5,d90,Gemmata,0.0001546975330764966
k5,d90,Gemmatimonas,0.0
k5,d90,Geomonas,0.0
k5,d90,Geotalea,0.0
k5,d90,Geothrix,1.3125943427183828e-05
k5,d90,Ginsengibacter,0.000255389430339915
k5,d90,Gp1-AA112,0.0
k5,d90,Gp1-AA122,0.015644536810679278
k5,d90,Gp1-AA133,0.009454489877672646
k5,d90,Gp1-AA17,0.009521355037515817
k5,d90,Gp13-AA74,0.0
k5,d90,Gp6-AA45,0.0002281966762743994
k5,d90,Gp7-AA6,0.006732490220057189
k5,d90,Granulicella_A_416163,0.005432073599417761
k5,d90,Granulicella_A_416614,6.914932313487975e-05
k5,d90,Granulicella_C_413841,0.0
k5,d90,HRBIN30,4.54194486078939e-05
k5,d90,HRBIN33,0.0
k5,d90,Haliangium_463188,0.0005867460895184599
k5,d90,Hamadaea,0.0
k5,d90,Hypericibacter,0.0005823620995464661
k5,d90,Hyphomicrobium_A,0.002102711270686664
k5,d90,Ideonella_A_591966,0.0002463666443563468
k5,d90,Ilumatobacter_A,0.00030450960752201155
k5,d90,JAABRT01,0.0008867473109536664
k5,d90,JAAUSQ01,0.0
k5,d90,JAAUUD01,3.9377830281551485e-05
k5,d90,JAAYDF01,0.0
k5,d90,JAAYUB01,0.0
k5,d90,JAAYUY01,0.0
k5,d90,JAAZOP01,0.0
k5,d90,JABFSC01,1.1354862151973475e-05
k5,d90,JABFSM01,0.000332240799929262
k5,d90,JACRCG01,5.025098055222096e-05
k5,d90,JC017,5.025098055222096e-05
k5,d90,Jatrophihabitans_372606,0.0010672062054194922
k5,d90,KBS-83,0.00026888643250131734
k5,d90,KBS-96,0.0
k5,d90,Kineosporia,0.0
k5,d90,Koribacter,0.0009485882029197575
k5,d90,Kouleothrix,0.0
k5,d90,Ktedonobacter,0.0007195299424461012
k5,d90,Ktedonosporobacter,0.00012723555984011357
k5,d90,Kutzneria,7.875566056310297e-05
k5,d90,LMUY01,0.0
k5,d90,Labrys_504686,1.3125943427183828e-05
k5,d90,Lacipirellula,0.0
k5,d90,Lacunisphaera_756265,0.0
k5,d90,Lacunisphaera_756365,0.0
k5,d90,Lentzea,0.0
k5,d90,Longimicrobium,0.0
k5,d90,Luteibacter,9.389934788490451e-05
k5,d90,MB-PLM-2,0.0004243348966299853
k5,d90,MT45,0.0
k5,d90,Marmoricola_A_392027,0.0003119738049408059
k5,d90,Massilia,0.0011932056523887929
k5,d90,Methylocella,7.425007425007424e-05
k5,d90,Microcoleus,5.677431075986738e-05
k5,d90,Micromonospora_H_372070,0.00022194256523762042
k5,d90,Modestobacter,0.0
k5,d90,Mucilaginibacter_A,0.00044600191415943333
k5,d90,Mycobacterium,0.023420293846110028
k5,d90,Nakamurella,0.0
k5,d90,Nemorincola,0.00015169380886781078
k5,d90,Neobacillus,0.0013164521778697138
k5,d90,Nevskia_608436,0.062467560350193775
k5,d90,Niastella,0.0
k5,d90,Nibricoccus,0.0
k5,d90,Nitrosospira,0.0
k5,d90,Nocardia,0.00012170982330404593
k5,d90,Nocardioides_A_392796,0.0004731407415382943
k5,d90,Novosphingobium_485350,0.0
k5,d90,O2-12-FULL-42-9,0.00010981652281033759
k5,d90,OLB11,0.0
k5,d90,OLB17_426821,0.0009361680774418249
k5,d90,OLB17_427637,0.0
k5,d90,OLB9,0.0
k5,d90,Obscuribacter,0.0
k5,d90,Ohtaekwangia,1.1354862151973475e-05
k5,d90,PALSA-1081,7.425007425007424e-05
k5,d90,PMMR1,0.0003693658370542991
k5,d90,PSRF01,0.0018865471184144767
k5,d90,Paenibacillus_AC,0.0
k5,d90,Paenibacillus_E,8.83394414398661e-05
k5,d90,Paenibacillus_J_366884,0.0
k5,d90,Paenibacillus_O,4.54194486078939e-05
k5,d90,Palsa-1150,0.0006868428219797125
k5,d90,Palsa-1233,0.0016254783148987033
k5,d90,Palsa-1315,3.508473667895932e-05
k5,d90,Palsa-1447,0.0
k5,d90,Palsa-187,0.00885046677440669
k5,d90,Palsa-189,0.01205731588154157
k5,d90,Palsa-295,0.008998876026537437
k5,d90,Palsa-513,0.0004236406920382448
k5,d90,Palsa-739,0.028092095989020054
k5,d90,Palsa-851,5.677431075986738e-05
k5,d90,Palsa-89,2.4750024750024748e-05
k5,d90,Pan216,0.0
k5,d90,Paraburkholderia_580243,0.15127093402611438
k5,d90,Parafilimonas,7.118962358095754e-05
k5,d90,Paraflavitalea,0.0
k5,d90,Pedosphaera,0.0
k5,d90,Pelosinus,0.0
k5,d90,Peribacillus_301373,0.00016462981613601813
k5,d90,Phaselicystis,0.0
k5,d90,Phenylobacterium,0.003336392727145284
k5,d90,Pirellula_B_754535,0.0
k5,d90,Piscinibacter,0.00033122064970622314
k5,d90,Polyangium,0.0
k5,d90,Posidoniimonas,2.270972430394695e-05
k5,d90,Pseudolabrys_502496,0.001438093661355818
k5,d90,Pseudolabrys_502538,0.0020144599258424233
k5,d90,Pseudomonas_E_647464,4.8961611158314604e-05
k5,d90,Pseudonocardia,0.0008453545365512734
k5,d90,Pseudorhodoplanes,0.00013150609689124563
k5,d90,Pseudoxanthomonas_A_615337,0.0001816777944315756
k5,d90,Puia,0.0008420787933979438
k5,d90,QHVH01,0.000915062054805572
k5,d90,QHYU01,0.0018461744942351226
k5,d90,QQVM01,0.0003374180342825712
k5,d90,QUBU01,0.0
k5,d90,RBC038,0.0
k5,d90,RBG-16-71-46,0.00037758096552526496
k5,d90,REDI01,0.0
k5,d90,RGZZ01,0.0
k5,d90,RHKY01,0.0003445590858438435
k5,d90,RSA9,3.6104886901998225e-05
k5,d90,Ralstonia,8.329541678510248e-05
k5,d90,Reyranella,0.002019481393945727
k5,d90,Rhabdothermincola,0.0009526688038119131
k5,d90,Rhizobium_A_501058,8.050418528685322e-05
k5,d90,Rhodanobacter_612715,0.004649877480325498
k5,d90,Rhodococcus_C_375578,0.007131313592711716
k5,d90,Rhodomicrobium,0.0001893798408860429
k5,d90,Rhodopila_506777,0.006364637858464744
k5,d90,Rickettsia,0.0
k5,d90,Roseiarcus,0.0024992924183579387
k5,d90,Roseococcus,0.0
k5,d90,Rubrimentiphilum,0.0014968064329984121
k5,d90,Rudaea,0.0025848015290065936
k5,d90,Rugosimonospora_371197,3.9377830281551485e-05
k5,d90,Ruminiclostridium,0.0
k5,d90,SBAT01,0.0005838414050993489
k5,d90,SCGC-AG-212-F23,0.0
k5,d90,SCGC-AG-212-J23,0.00020242650130133575
k5,d90,SCN-69-37,0.000526775318617154
k5,d90,SCTI01,2.270972430394695e-05
k5,d90,SCTM01,2.270972430394695e-05
k5,d90,SHUM01,4.54194486078939e-05
k5,d90,SHUY01,0.0030989491588193697
k5,d90,SHUZ01,0.00039964159834039145
k5,d90,SHXO01,0.00013907213387339104
k5,d90,SHZZ01,9.28791976618656e-05
k5,d90,SIO2C1,0.0
k5,d90,SIRW01,0.0014696704053933276
k5,d90,SLQV01,0.0005425025573836106
k5,d90,SURF-43,0.0
k5,d90,SYSU-D60014,0.0
k5,d90,Saccharimonas,0.0005000868329844025
k5,d90,Sandaracinus,0.0
k5,d90,Schlesneria,0.0
k5,d90,Silanimonas_613110,0.0002536409056161647
k5,d90,Silvibacterium,0.00017740725738044354
k5,d90,Silvimonas,0.000296583454999597
k5,d90,Singulisphaera,0.0007325198764009631
k5,d90,Solibacter,0.005396402511520372
k5,d90,Solirubrobacter,0.0004630752487802272
k5,d90,SpSt-583,0.0006464899545780424
k5,d90,Sphingomicrobium_483265,0.0
k5,d90,Spirillospora_393771,0.0022993681726063008
k5,d90,Sporocytophaga,0.0
k5,d90,Stella,0.0012377190738580709
k5,d90,Stenotrophomonas_A_615274,0.0
k5,d90,Streptacidiphilus_A_400617,0.010845488420636346
k5,d90,Streptomyces_G_399870,0.002309331825801017
k5,d90,Sulfotelmatobacter,0.0035420326455919663
k5,d90,Sulfuricaulis,2.4750024750024748e-05
k5,d90,Tardiphaga,0.0
k5,d90,Tautonia,0.0
k5,d90,Telmatobacter,0.006924303976674988
k5,d90,Tepidiforma,0.0
k5,d90,Terrabacter,0.0
k5,d90,Terracidiphilus_417212,0.0
k5,d90,Terracidiphilus_417258,0.002013057103527655
k5,d90,Trebonia,0.006414011342998048
k5,d90,Tundrisphaera,0.00023555022054610824
k5,d90,Tyrphobacter,0.00042600413834184466
k5,d90,UBA10511,0.0004356672022304987
k5,d90,UBA11358,0.0
k5,d90,UBA11361,0.0009191084857887568
k5,d90,UBA11740,0.0014902831027907657
k5,d90,UBA12499,0.0020863293408838342
k5,d90,UBA2421,0.0011393113398863613
k5,d90,UBA2475,3.4064586455920425e-05
k5,d90,UBA3254,7.269148568530045e-05
k5,d90,UBA3939,0.0
k5,d90,UBA4142,0.00022765823793266448
k5,d90,UBA4664,0.0008365188869529056
k5,d90,UBA4720,0.0010220873461176602
k5,d90,UBA4722,0.0
k5,d90,UBA5216,9.615214104141886e-05
k5,d90,UBA7657,0.0
k5,d90,UBA7692,0.0
k5,d90,UBA8199,0.0
k5,d90,UBA8260,0.0001362583458236817
k5,d90,UBA920,6.812917291184085e-05
k5,d90,UBA923,0.0
k5,d90,UBA9339,0.0
k5,d90,UBA953,0.0
k5,d90,UBA966,0.0
k5,d90,UKL13-3,0.0
k5,d90,URHD0088,0.004507127174429364
k5,d90,UTBCD1,0.0
k5,d90,UTPRO1,0.00011864937263492924
k5,d90,Udaeobacter,0.0007128254896632127
k5,d90,Uliginosibacterium_596785,0.0
k5,d90,Unclassified,0.205310392250728
k5,d90,Urbifossiella,0.00032866446746987053
k5,d90,Usitatibacter,0.005760548800892217
k5,d90,VAYN01,0.0013809285350840483
k5,d90,VAZQ01,0.00433971172634265
k5,d90,VBAR01,0.00013000423478690273
k5,d90,VBCG01,0.01142460510198043
k5,d90,VBDM01,8.302619761423504e-05
k5,d90,VFJN01,0.00010675607214122089
k5,d90,Variibacter,0.005936649061711285
k5,d90,Variovorax,0.00019684403830483722
k5,d90,Vermiphilus,0.0
k5,d90,Vicinamibacter,2.270972430394695e-05
k5,d90,WHSN01,0.006258323314485899
k5,d90,WHTK01,2.4750024750024748e-05
k5,d90,WQYP01,0.00017163485822496857
k5,d90,WRKR01,0.0
k5,d90,WS-7,0.00024888865668372867
k5,d90,WYBL01,2.4750024750024748e-05
k5,d90,WYBT01,0.0
k5,d90,Williamsia_B,6.133662353332698e-05
k5,d90,Z2-YC6860,0.00034912139861730305
k5,d90,Zavarzinella,4.54194486078939e-05
k5,d90,Zemynaea,9.49194981079434e-05
